:020000040800F2
:10000000C81F0020B1020008AF500008DD4C0008F6
:10001000AD500008E1140008BD7F0008000000009A
:100020000000000000000000000000009F5D0008CC
:10003000311700080000000011510008A15D000800
:10004000CF020008CF020008CF020008CF0200084C
:10005000CF020008CF020008CF020008CF0200083C
:10006000CF02000833170008CF020008CF020008B3
:10007000CF020008CF020008CF020008CF0200081C
:10008000CF020008CF020008CF020008CF0200080C
:10009000CF020008CF020008CF020008CF020008FC
:1000A000CF020008CF020008CF020008CF020008EC
:1000B000CF020008CF020008CF020008CF020008DC
:1000C000CF020008CF020008CF020008CF020008CC
:1000D000CF020008CF020008CF020008CF020008BC
:1000E000CF020008CF02000800000000CF02000885
:1000F000CF020008CF020008CF020008CF0200089C
:10010000CF020008CF020008CF020008CF0200088B
:10011000CF02000855730008CF020008CF02000884
:10012000CF020008CF020008CF020008CF0200086B
:10013000CF020008CF020008CF020008CF0200085B
:1001400000000000000000000000000000000000AF
:10015000CF020008CF020008CF020008CF0200083B
:10016000CF020008CF020008CF020008CF0200082B
:10017000CF020008CF020008CF020008CF0200081B
:10018000CF020008CF02000861730008CF02000808
:10019000CF020008CF020008CF020008CF020008FB
:1001A000CF020008CF020008CF020008CF020008EB
:1001B000CF020008CF020008CF020008CF020008DB
:1001C000CF020008CF020008CF020008CF020008CB
:1001D000CF020008CF020008CF020008CF020008BB
:1001E000CF020008CF020008CF020008CF020008AB
:1001F000CF020008CF020008CF020008CF0200089B
:10020000CF020008CF020008CF020008CF0200088A
:10021000CF020008CF020008CF020008CF0200087A
:10022000CF020008CF020008CF0200080000000043
:10023000CF020008CF02000800000000CF02000833
:10024000CF020008CF020008CF020008CF0200084A
:10025000CF020008CF020008CF020008CF0200083A
:10026000CF020008CF020008CF020008CF0200082A
:10027000CF020008CF020008CF02000800000000F3
:10028000CF020008CF020008CF02000800000000E3
:1002900000000000CF020008DFF810D000F062FD7F
:1002A00000480047B1AC0008AFF30080C81F002031
:1002B000074880470748804707480047FEE7FEE7B2
:1002C000FEE7FEE7FEE7FEE7FEE7FEE7FEE7FEE706
:1002D0003D1700084D5E0008990200082DE9F05F07
:1002E0000546002092469B468846064681464024A5
:1002F0001BE0284641464746224600F037FC53465D
:100300005A46C01A914110D311461846224600F0B1
:1003100016F82D1A67EB01084F46224601200021EE
:1003200000F00DF817EB00094E41201EA4F1010466
:10033000DFDC484631462A464346BDE8F09F202A86
:1003400004DB203A00FA02F1002070479140C2F12C
:10035000200320FA03F3194390407047202A06DB5C
:10036000CB17203A41FA02F043EAE07306E041FA83
:1003700002F3D040C2F12002914008431946704771
:1003800040EA01039B0703D009E008C9121F08C017
:10039000042AFAD203E011F8013B00F8013B521E97
:1003A000F9D27047D2B201E000F8012B491EFBD20E
:1003B00070470022F6E710B513460A460446194670
:1003C000FFF7F0FF204610BD421C10F8011B00296A
:1003D000FBD1801A704710B5002200E0521C835CEC
:1003E0008C5CA34201D1002BF8D1D8B2E1B2401A03
:1003F00010BD0022CBB20178994200D10246401CC8
:100400000029F8D1104670470FB400B58DB010A97F
:1004100009900B9000914FF0FF300A9000200C9053
:1004200005480690054807906A4609A80F9900F00C
:10043000B3FB0DB05DF814FBB50B0008D30B00083F
:100440002DE9FF4F087883B09946FF2805D0491C55
:100450002D2804D00024002008E000200BE0012417
:10046000F9E700EB800003EB4000491C0B78FF2B01
:10047000F7D104B1404200230293147819461D4677
:100480002D2C01D02B2C04D1521C2D2C13D0002448
:100490000294AA461478FF2C0FD00A25A3FB0578F6
:1004A00001FB05814FF0000C03FB0C11521CE319FA
:1004B0004AEB0101EEE70124EAE7814453EA010037
:1004C00002D019F5C87F06DA03980021C0E90011AF
:1004D00007B0BDE8F08F0025AE4E2F46DFF8B8829A
:1004E000184600F01BFCCDE90001B9F1000002DA6A
:1004F000C9F1000400E004460023A74A1AEB030BED
:1005000042EB045A12E0E00707D02A463346384649
:10051000414600F0ECF9074688462A463346104625
:10052000194600F0E4F905460E466410002CEAD1A5
:10053000DDE90001B9F1000F5A46534606DA00F032
:1005400048FA3A46434600F044FA05E000F0CFF995
:100550003A46434600F0CBF9029A0AB181F00041D5
:10056000039AC2E90001B3E72DE9FF4F1F468DB0A2
:10057000D7E901464FF0FF382E2045464FF00009DD
:100580000B90B9696D1C0E988847396A8246884776
:100590000028F6D1BAF1FF3F0AD024F4D064002E2F
:1005A00011DDBAF12B0F08D0BAF12D0F0BD102E0FB
:1005B000404611B08DE744F48064B9696D1C0E9813
:1005C00088478246761E6946600501D52D2000E0E9
:1005D0002B208DF8000001F1010B0DF1200809E03E
:1005E000B9696D1C0E98884782460F9844F40074D0
:1005F000761E0560002E02DDBAF1300FF0D00B99A7
:100600008A453ED144F0800406E00F99681CA9F1A8
:10061000010944F400740860B9696D1C761E0E98D7
:10062000884782463028F0D02BE00B998A4505D1C7
:10063000200603D444F08004761E18E0504608F0EB
:1006400063F808B30DF11301761E44F400748B4572
:1006500008D2AAF130000BF8010B200607D5A9F14A
:10066000010003E0200602D409F101008146A00543
:1006700002D50F99681C0860B9696D1C0E988847EF
:100680008246002ED1DC53E0002E51DDBAF1650F19
:1006900002D0BAF1450F4BD1A00549D5B9696D1CFF
:1006A00024F44074761E0E9888478246002E0CDD96
:1006B0002B2804D0BAF12D0F07D144F48074B96906
:1006C0006D1C0E9888478246761EE00501D52D21C7
:1006D00000E02B2108F8011BCDF82C8021E00DF162
:1006E0002901761E44F4007488450CD2AAF130002A
:1006F00010F0FF0088F8000002D10B99884509D955
:1007000008F1010806E0E00501D5244801E042F2C5
:100710000F708146B9696D1C0E98884782460F9804
:100720000560002E04DD504607F0EEFF0028D6D10C
:10073000F9690E988847FF208BF8000088F80000C0
:100740000020069007904B466A4608A906A8FFF7C6
:1007500077FEA00502D46FF001002AE714F0240F01
:100760000AD0E00714D1DDE906123868031D3B60AA
:100770000068C0E900120BE0DDE9060100F0C4F9F1
:100780000146E00704D13868021D3A600068016044
:1007900028460EE7000014400000F03FF1D8FFFFAC
:1007A0002DE9FE4F804681EA0300C00F0C46009001
:1007B00021F0004123F00045B8EB0200A94105D229
:1007C0004046214690461C460B46024623F0004018
:1007D000104347D0270DC7F30A00C3F30A51029014
:1007E000401A019040286BDAC3F3130040F4801BD9
:1007F0000098924620B10023D2EB030A63EB0B0B67
:1008000001985946C0F140025046FFF798FD064650
:100810000D4650465946019AFFF7A0FD10EB08001F
:100820006141002487EA115284EAE7731A4340D0F9
:10083000009A62B3019A012A4FEA075215DC001BA5
:1008400061EB02014FF0004202EA0752CDE900429B
:10085000001C41F5801132462B4600F011FA03B01E
:10086000BDE8F08F40462146F9E7001B61EB02012D
:10087000001C41F5801300185B412018A2F50017F9
:1008800047EB030140EAD570B6196D4111E06D08E0
:100890004FEA360645EAC0754FEA0752001B61EB86
:1008A0000201001C41F5801149084FEA300000198F
:1008B000514132462B4603B0BDE8F04F00F0D1B9AC
:1008C0000098012240000023D0EB020263EBE073AA
:1008D000009821464FEAE074B8EB000061EB040198
:1008E000E9E783F000435BE781F0004158E72DE939
:1008F000FE4F81EA030404F0004421F0004100941B
:100900004FF0000B23F0004350EA01045ED052EA9E
:1009100003045BD0C3F30A54C1F30A552C44A4F278
:10092000F3340194A0FB0254C1F3130141F480118C
:10093000C3F3130343F4801301FB024400FB034E93
:10094000840A970A44EA815447EA8357A4FB07685C
:1009500002958D0A05FB07854FEA932C04FB0C5486
:100960002705029D4FEA065847EA1637B5EB0805FA
:100970006EEB070C870E920E47EA811742EA83124C
:10098000A7FB0201B6EB0B0164EB00042B0D43EA5D
:100990000C335E1844EB1C50DA465146E7FB02016B
:1009A000C5F313044FEA0B3343EA14534FEA0432FE
:1009B000019C43EA0603A4F10C040294009CCDE9D7
:1009C00000B400F05DF903B0BDE8F08F00200146EF
:1009D000F9E72DE9F04D81EA030404F0004B21F022
:1009E000004514464FF0000A23F0004150EA05028A
:1009F00020D054EA01021DD0C5F30A570246C5F3C0
:100A00001303C1F31300C1F30A5640F4801543F4F5
:100A10008013A7EB0608101BD64608F2FD3873EBCF
:100A2000050002D308F1010801E092185B41B8F11A
:100A3000000F03DA00200146BDE8F08D00204FF4DE
:100A40008011064684460EE0171B73EB050705D39D
:100A5000121B63EB050306434CEA010C49084FEAFD
:100A6000300092185B4150EA0107EDD152EA0300D1
:100A700012D082EA040083EA0501084305D0101B66
:100A8000AB4106D20122002306E000224FF00043D2
:100A900002E06FF0010253101AEB06004CEB085114
:100AA00010EB0A0041EB0B01BDE8F04D00F0D9B8A6
:100AB00000F0004230F000400AD0C10D01F5607135
:100AC000C0F3160042EA0151C208400711437047C3
:100AD000002001467047000030B5041E71F100048B
:100AE00004DB4FF00044404264EB0101141E73F13B
:100AF000000405DB1C464FF00043524263EB040345
:100B0000994208BF904230BD01F0004330B421F05B
:100B1000004150EA010206D00A0DA2F56072C1F34D
:100B20001301002A02DC30BC00207047440F44EA65
:100B3000C104C100E01830BC00EBC25000F05AB84C
:100B400030B50B46014600202022012409E021FA9D
:100B500002F59D4205D303FA02F5491B04FA02F59A
:100B60002844151EA2F10102F1DC30BD202A04DB6D
:100B7000203A21FA02F00021704721FA02F3D04016
:100B8000C2F120029140084319467047026811449F
:100B90001378016018467047D160044951610449D7
:100BA000116200211161114600F0F4B88D0B0008AC
:100BB000890D0008426842B1016811F8013B23B178
:100BC000521EC0E90012184670470121C160881EFC
:100BD000704742685AB1C368016843B983688B4261
:100BE00005D0491E521CC0E90012002070474FF08A
:100BF000FF3070470029A8BF7047401C490008BF5C
:100C000020F00100704710B4B0FA80FC00FA0CF03C
:100C100050EA010404BF10BC704749B1CCF1200474
:100C200021FA04F411FA0CF118BF01212143084301
:100C3000A3EB0C01CB1D4FEA00614FEA102042BF2D
:100C4000002010BC704700EBC35010440029A4BF23
:100C500010BC7047401C490008BF20F0010010BCC8
:100C6000704710B5141E73F1000408DA401C41F1FE
:100C7000000192185B411A4301D120F0010010BD20
:100C80002DE9F04D92469B4611B1B1FA81F202E096
:100C9000B0FA80F220329046FFF751FB04460F462F
:100CA00040EA0A0041EA0B0153465A46084313D072
:100CB000114653EA010019D0C8F140025046FFF72F
:100CC00055FF05460E46504659464246FFF737FB4C
:100CD000084305D0012004E020463946BDE8F08DE8
:100CE0000020054346EAE0762C4337430A98630523
:100CF000E40AA0EB08000022FD0A44EA47540A3047
:100D000002D500200146E9E7010510196941DDE936
:100D1000084500196941BDE8F04DA2E70EB540F263
:100D2000334202920022CDE900221346FFF7A8FFCA
:100D300003B000BDC1F30A52C1F3130140F2FF3307
:100D400041F480119A4202DA00200146704740F2D5
:100D500033439A42A2F2334202DC5242FFF706BF0B
:100D6000FFF7EDBA064C074D06E0E06840F00103DE
:100D700094E8070098471034AC42F6D3FFF790FA96
:100D8000FCDA00082CDB0008C0B24FF4F05100F090
:100D900099B900002DE9F34F8BB04FF0000801F135
:100DA0000C000C464FF0010B46460DF1080A01906D
:100DB0006269012101989047051E2DD0252D2CD068
:100DC000216A8847C0B16269012101989047216A70
:100DD00088470028F7D1411E62690198904700E0DA
:100DE000761CA1690B988847216A88470028F7D1AB
:100DF000E1690B988847DBE7A1690B9888470746AC
:100E0000A84201D1761CD3E7E1690B9888477F1C83
:100E100002D1B8F1000F6FD047E1002762693D466B
:100E20003946019890472A2804D162690121019826
:100E300090470125DFF88892626901210198904767
:100E4000A0F130010A290AD24F45E5DC07EB870102
:100E500000EB4107303FDFD445F01005ECE7E90631
:100E600001D46FF000476C280AD04C2814D06828B1
:100E700015D06A280DD074281CD07A281AD01DE00D
:100E800062690121019890476C2802D045F0040561
:100E900014E045F002050DE045F020050AE0626926
:100EA000012101989047682802D045F0080505E027
:100EB00045F400656269012101989047C4E9015732
:100EC00065283DD019DC58287AD00CDC452837D06D
:100ED00004DC252826D0412831D131E046282FD006
:100EE00047282CD12CE05B2877D0612828D06328B4
:100EF0007CD0642823D15AE0D1E06F2848D008DCA8
:100F000066281DD067281BD0692821D06E2816D1ED
:100F100027E0702845D0732868D0752847D07828F6
:100F20000DD14DE0A1690B988847054625283FF46F
:100F300069AFE1690B9888476D1C3FF46AAFB4E074
:100F400023466A466FF001000B99FFF70DFB9FE007
:100F500045F040006060A80723464FF0000236D4F9
:100F60003EE0E8077FF447AF2068011D216000687C
:100F7000290501D506701BE7290701D5068017E76B
:100F8000A90703D5F117C0E9006111E706600FE773
:100F900045F040006060A80723464FF0080216D4D1
:100FA0001EE040F60E0125EA0100606016E045F003
:100FB00040006060A80723464FF00A0207D40FE004
:100FC00045F040006060A80708D5234610226FF066
:100FD00001000B99AFF300805AE007E0234610228E
:100FE0006FF001000B99AFF3008051E04FF0000962
:100FF0004F464B46632802D05B2807D041E020795A
:10100000C00601D40120A06001273AE062690121F5
:10101000019890475E2805D14FF001096269494661
:1010200001989047216939B900210A46534643F88F
:101030002120491C0829FADBB0B3216969B9C1171D
:1010400000EBD16253110AEB830122F01F02821AD6
:1010500001200B68904003430B60626901210198F5
:1010600090475D28E8D1B9F1000F09D00020514622
:1010700051F82020D24341F82020401C0828F7DBFB
:1010800002AB224600976FF001000B99AFF300808E
:1010900000280CDA401C08D1BBF1000F05D04FF03E
:1010A000FF300DB0BDE8F08FFFE74046F9E7E907F4
:1010B00001D108F1010806444FF0000B78E600006A
:1010C000CCCCCC0C7F2801D9002208E0064A02EBE8
:1010D0005002C007127800D1120902F00F0201205D
:1010E000904008407047000028DA0008F0B587B04B
:1010F00014216846FFF75DF91D48016841F00801B9
:101100000160016801F008010591016841F00101E9
:101110000160016801F001010591016841F00201DF
:101120000160016801F002010591016841F00401CC
:1011300001600068012401AA009400F004000590F9
:101140000C4F00250226694682E87000384600F000
:1011500067FFCDE900646946384600F061FF08206A
:101160006946CDE90005384600F05AFF07B0F0BDEA
:10117000E04402580000025870B50546FFF7B6FF7C
:101180007A4C01220221204601F060F8012220461B
:10119000042101F05BF800222046012101F056F8FD
:1011A000322000F017FF01222046114601F04EF8D0
:1011B000322000F00FFF00222046022101F046F805
:1011C00000222046042101F041F8082008F0C4F86C
:1011D0001121284604F078FD082008F0BDF801220E
:1011E0002046042101F032F82021284600F006F9BB
:1011F000044601465EA000F06FFA732C09D0532C10
:1012000057D05EA000F068FA6AA0214600F064FAA8
:10121000FAE76CA000F060FA642000F0DBFE012227
:101220002846412100F032F90A2008F095F8E02222
:101230002846422100F02AF90A2000F0CBFE1022B5
:101240002846432100F022F90A2008F085F84022C0
:101250002846442100F01AF90A2008F07DF80022FF
:101260002846452100F012F90A2008F075F8EC2212
:101270002846462100F00AF90A2008F06DF80F22EE
:101280002846472100F002F90A2008F065F80022FC
:101290002846482100F0FAF80A2008F05DF8EA2212
:1012A0002846492100F0F2F80A2008F055F80322F8
:1012B0004BE04BA000F010FA02222846412100F03A
:1012C000E5F80A2008F048F8E3222846422100F019
:1012D000DDF80A2000F07EFE10222846432100F0AF
:1012E000D5F80A2008F038F840222846442100F0BA
:1012F000CDF80A2008F030F805222846452100F0F4
:10130000C5F80A2008F028F8EC222846462100F00B
:10131000BDF80A2008F020F80F222846472100F0E7
:10132000B5F80A2008F018F800222846482100F0F5
:10133000ADF80A2008F010F802222846492100F0F2
:10134000A5F80A2008F008F8072228464A2100F0EC
:101350009DF80A2008F000F80C2228464B2100F0E6
:1013600095F8BDE870400A2007F0F6BF000002586B
:1013700049443A253032780D0A000000746865202F
:10138000646576696365206973206E6F7420726589
:10139000636F676E697A65642C706C656173652034
:1013A000636865636B20746865206465766963654E
:1013B0000D0A00004552524F522049443A2530321E
:1013C000780D0A0054686973206465766963652046
:1013D00069732041445331323932520D0A00000002
:1013E0005468697320646576696365206973204178
:1013F0004453313239320D0A0000000070B5124DED
:1014000000220C4606460421284600F01FFF214614
:10141000304604F059FC082007F09EFF00213046BA
:1014200004F052FC082007F097FFFF21304604F03B
:101430004BFC0446082007F08FFF012228460421B8
:1014400000F004FF204670BD0000025870B50E4C3D
:10145000002204210546204600F0F8FE082007F08F
:101460007BFF1021284604F02FFC082007F074FFB2
:1014700001222046042100F0E9FE2046BDE870402C
:101480000122022100F0E2BE000002582DE9F041E5
:10149000124C174600220D4604210646204600F055
:1014A000D5FE2946304604F00FFC082007F054FF13
:1014B0000021304604F008FC082007F04DFF3946B3
:1014C000304604F001FC082007F046FF2046BDE846
:1014D000F0410122042100F0B9BE000000000258D2
:1014E000FEE7000030B500239FED0A0A0FE000BFC1
:1014F00000EB830401EB8305D4ED000A95ED001A9F
:101500005B1C70EEC10AF0EEE00A30EE800A9342F6
:10151000EED330BD0000000010B5254C40F20112A2
:101520009042A0F2011123D007DC10282BD0112803
:1015300024D0B0F5807F0CD115E0A1F58071013980
:1015400026D0A1F5807101392CD0A1F58071013927
:1015500023D0014617A000F0BFF82078002801D062
:101560000020607010BD1BA000F0B6F8012003E061
:101570001EA000F0B1F802202070F1E722A000F0D8
:10158000ABF80420F8E727A000F0A6F80320F3E763
:101590002AA000F0A1F80520EEE72BA000F09CF8AF
:1015A0000620E9E72DA000F097F80720E4E7000007
:1015B00014000020E69CAAE79FA5E591BDE4BBA42A
:1015C0002CE4B8A2E5BC833A203078253034580D9D
:1015D0000A000000E794A8E688B7E69D83E99990A1
:1015E000E9AA8CE8AF810D0A00000000E7AEA1E790
:1015F0009086E59198E69D83E99990E9AA8CE8AFF9
:10160000815C720A00000000E7AEA1E79086E591D8
:1016100098E69D83E99990E6B3A8E5868C5C720A0A
:1016200000000000E794A8E688B7E69D83E999905A
:10163000E6B3A8E5868C0D0A00000000E5BC80E951
:1016400094815C720A000000E7B3BBE7BB9FE588AA
:101650009DE5A78BE58C965C720A0000E794A8E6EE
:1016600088B7E7AEA1E790860D0A00002DE9FF4F8D
:1016700086460DA804269FED170A90E880060021F3
:1016800035465A180020921B3C18002AA4EB05048A
:1016900018DB4A4516DA002C14DB544512DA02FB3B
:1016A0000A4BDDF808C000EBC1040CEBC40C019C34
:1016B0000EEB8B0804EB8C04D8ED000A94ED001AB5
:1016C00000EE810A401C0828DEDB491C0829D8DB13
:1016D000BDE8FF8F000000000FB40C4810B54FF4B8
:1016E000C07403AB2146029A06F090FD002809DD84
:1016F000A04200DB601E054982B205484FF6FF7329
:1017000003F05EF910BC5DF814FB0000000000243B
:10171000B402002005480122082110B500F096FD12
:10172000BDE81040012000F055BC00000008025840
:101730007047082000F068BC72B6FEE7054805490E
:101740000839026842F00202026008688004FCD591
:10175000704700000C4802582DE9F041154F02F186
:10176000FA048446069EA1F196003D16844208DDE7
:10177000044606E05CF82200B84201DD0746154643
:10178000521CA242F6DD681C04D0642D02D49430B1
:10179000884202DB0020BDE8F0810CEB8501184691
:1017A0004FF47A72A1F5C871FEF7EAFD01203560A9
:1017B000F1E70000816967FF2DE9F0434FF4FA6714
:1017C00006466F4839462DED088BE5B0FEF7F1FD72
:1017D000DFED6C8A6A4CBD105FF000000021B0EEB6
:1017E000688AC0F5FA720CE001EB000C06EB81038D
:1017F00006EB8C0C93ED000ADCED000A491C00EEB0
:10180000208A8A42F0DC04EB8001401CA84281ED72
:10181000008AE3DBDFED5C0A94ED000A5FF0000074
:1018200030EE200A04EB8001401CD1ED000AA842F2
:1018300080EE801A81ED001AF4DB54483946FEF739
:10184000B8FD9FED530A06F0B5FDF0EE409A9FED0E
:10185000510A06F0AFFDB0EE409AF0EE00AAB7EEE6
:1018600000AAA0469FED4CBADFED4CBADFF81C9100
:101870005FF000045FF00007B0EE688A00EE107AB7
:1018800000EE904AB8EEC01AB0EE4A0AF8EEE00A4E
:1018900001EE2A0A20EE0B0A60EE200A80EEAB0A67
:1018A00006F0E0FC08EB87007F1CD0ED000AAF4299
:1018B00000EE808AE2DBE4B329EE080A09EB84003B
:1018C0004946641CAC4280ED000AD3DB344A002058
:1018D00001EB800402EB800394ED000A401CA84257
:1018E00083ED000AF4DB00244FEA040006EB8001DC
:1018F00091ED000AB0EEC00AB4EEE80AF1EE10FA7B
:1019000002DDF0EE408A0446401CA842EEDB4FF4B4
:10191000C87768463946FEF74CFDB4F13100E84619
:1019200004F132040CD4AC4210DA06EB80013A46E2
:1019300011E0FFE729EE880A012489ED000A99E702
:10194000A2003146121DA8EB800005E0C0F5FA7236
:1019500006EB800192004046FEF712FD114900207F
:1019600008EB800201EB800392ED000A401C642822
:1019700083ED000AF4DB65B0BDEC088BBDE8F083B5
:1019800060CF052400000000BD37863530D7052420
:101990006F12033B6F12833BDB0F494000007A4418
:1019A000D0E60524A0EE0524002200F001B80000D6
:1019B0000E4B70B505465C7A0120002C14D15E7A7E
:1019C00003F108009C555E7A03EB860675605D7A2C
:1019D0002A54587A421C5A723A232F223030087007
:1019E0004B7020468A70CC7070BD0000B80B002090
:1019F0002DE9F84F044600F035FC00903CB194F816
:101A00003500022806D0802161650020E4E0012035
:101A1000BDE8F88FC74DC74EC64918352068303627
:101A2000DFF81483DFF814938842DFF814A3DFF89B
:101A300014B32ED0A8422CD0B0422AD0404528D092
:101A4000484526D0504524D0584522D0BD4A1832AA
:101A500090421ED0BC4A90421BD0BB4A18329042E2
:101A600017D0B94A3032904213D0B74A4832904228
:101A70000FD0B54A603290420BD0B34A78329042D0
:101A800007D0B14A9032904203D0AF4AA832904278
:101A900009D1026822F01E0202602068426922F029
:101AA0008002426103E0026822F00E0202602768B1
:101AB0008F4238464DD0A8424BD0B04249D0404525
:101AC00047D0484545D0504543D0584541D09D4A20
:101AD000183290423DD09C4A90423AD09A4A1832ED
:101AE000904236D0984A3032904232D0964A4832AC
:101AF00090422ED0944A603290422AD0924A783254
:101B0000904226D0904A9032904222D08E4AA832FB
:101B100090421ED08D4A90421BD08C4A1432904283
:101B200017D08A4A2832904213D0884A3C329042D9
:101B30000FD0864A503290420BD0844A6432904291
:101B400007D0824A7832904203D0804A8C32974242
:101B500004D1206E026822F4807202607549206808
:101B6000884228D0A84226D0B04224D0404522D076
:101B7000484520D050451ED058451CD071491831D9
:101B8000884218D07049884215D06F491831884270
:101B900011D06D49303188420DD06B4948318842AF
:101BA00009D069496031884205D067497831884257
:101BB00001D065499031016821F0010101600EE01A
:101BC00000F050FB0099401A052808D920226265D0
:101BD0000321002084F8351084F8340017E73868B2
:101BE000C007EDD1534A0121206890422ED0A8426F
:101BF0002CD0B0422AD0404528D0484526D0504568
:101C000024D0584522D04F4B183398421ED04E4B0B
:101C100098421BD04C4B1833984217D04A4B303364
:101C2000984213D0484B483398420FD0464B60330C
:101C300098420BD0444B7833984207D0424B9033B4
:101C4000984203D0404BA833984208D194F85C7076
:101C50003F23A06D07F01F07BB40836007E094F8A7
:101C60005C30A06D03F01F0301FA03F343602068AA
:101C700090424DD0A8424BD0B04249D0404547D0C9
:101C8000484545D0504543D0584541D02D4A18329B
:101C900090423DD02C4A90423AD02B4A1832904282
:101CA00036D0294A3032904232D0274A48329042C8
:101CB0002ED0254A603290422AD0234A7832904270
:101CC00026D0214A9032904222D01F4AA832904218
:101CD0001ED01E4A90421BD01C4A1432904217D08C
:101CE0001A4A2832904213D0184A3C3290420FD000
:101CF000164A503290420BD0144A6432904207D0B8
:101D0000124A7832904203D0104A8C3290420BD162
:101D1000D4E919024260E06E30B1026822F48072A8
:101D20000260D4E91C024260002084F8351084F877
:101D300034006DE61000024058000240700002407E
:101D400088000240A00002401004024008540258DB
:101D50002DE9F05F28B190F83510022904D08021D8
:101D600041650120BDE8F09F904C904B0168183C04
:101D700018338E4ADFF83C92A1428D4CDFF838E2EE
:101D80008E4FDFF83CB2DFF83CA28F4D8F4E31D042
:101D900091422FD099422DD0A1422BD0494529D034
:101DA000714527D0B94225D0DFF810C20CF1180CCC
:101DB00061451FD0DFF808C2ACF1600C614519D055
:101DC000DFF8FCC1ACF1480C614513D0DFF8F0C17D
:101DD000ACF1300C61450DD0DFF8E4C1ACF1180C6A
:101DE000614507D0594505D0514503D0A94201D0DE
:101DF000B1422CD1DFF8B4C14FF0040880F835802F
:101E0000ACF1180C61451DD091421BD0994219D0FC
:101E1000A14217D0494515D0714513D0B94211D010
:101E20006648183081420DD065486038814209D03B
:101E300063484838814205D061483038814201D03A
:101E40005F481838086820F001000860ABE0D1F85E
:101E500000C02CF00E08DFF854C1C1F80080ACF1CE
:101E6000180C0168614527D0914225D0994223D0B2
:101E7000A14221D049451FD071451DD0B9421BD088
:101E8000DFF838C10CF1180C614515D0DFF830C10E
:101E9000ACF1600C61450FD0DFF824C1ACF1480C07
:101EA000614509D0DFF818C1ACF1300C614503D0B1
:101EB000DFF80CC1ACF1180CD1F800C02CF0010C0B
:101EC000C1F800C0DFF8E4804FF0010C0168A8F110
:101ED0001808414546D0914244D0994242D0A1428F
:101EE00040D049453ED071453CD0B9423AD0334A02
:101EF0001832914236D0324A603A914232D0304A5A
:101F0000483A91422ED02E4A303A91422AD02C4A59
:101F1000183A914226D0594524D0514522D0A942A1
:101F200020D0B1421ED02A4A91421BD0284A1432F6
:101F3000914217D0264A2832914213D0244A3C328B
:101F400091420FD0224A503291420BD0204A643243
:101F5000914207D01E4A7832914203D01C4A8C32FB
:101F6000914218D1016E0A6822F480720A6090F8DA
:101F70005C20816D02F01F020CFA02F24A60D0E987
:101F800019124A60C16E31B10A6822F480720A6087
:101F9000D0E91C124A600022016D80F835C080F83B
:101FA000342001B188470020DCE600002800024010
:101FB000580002407000024088000240A000024029
:101FC0007004024088040240A0040240B8040240A9
:101FD0000854025870B5044600F044F90546601CE8
:101FE00002D004480078044400F03CF9401BA042B1
:101FF000FAD370BD00000020082802D10149012059
:1020000008707047260000204FF0B04110B5D1F89D
:102010008820024203D0C1F88800FFF7EDFF10BD11
:102020002DE9F84F03247D4D00234FF001094FF0B7
:10203000B04B4FF00F0AE9E009FA03F73A4076D0C7
:102040000E7906F00306012E01D0022E18D1D0F829
:1020500008C04FEA430ECE6804FA0EF82CEA080CCA
:1020600006FA0EF646EA0C068660D0F804C00E7931
:102070002CEA070CC6F300169E4046EA0C064660A2
:102080000E79F643B6070BD0C6684FEA43088F684F
:1020900004FA08FC26EA0C0607FA08F73743C7607B
:1020A0000E7906F00306022E12D1DE080F694FEA00
:1020B000437C00EB8606B646366A4FEADC6C0AFAC9
:1020C0000CF807FA0CF726EA08063743CEF820701A
:1020D0000F7906684FEA430807F0030704FA08FC83
:1020E00007FA08F726EA0C06374307604E6816F42D
:1020F000403F1CD04A4E376847F0020737603668C9
:102100009F0706F00206009623F0030606F1B0468C
:10211000B6463F0FD6F80864DFF808810AFA07FCD4
:10212000404526EA0C0603D14FF0000C41E06CE07C
:10213000DFF8F4C0604502D14FF0010C39E0DFF860
:10214000ECC0604502D14FF0020C32E0DFF8E0C095
:10215000604502D14FF0030C2BE0DFF8D8C060459A
:1021600002D14FF0040C24E0DFF8CCC0604502D16E
:102170004FF0050C1DE0DFF8C4C0604502D14FF000
:10218000060C16E0DFF8B8C0604502D14FF0070C2E
:102190000FE0DFF8B0C0604502D14FF0080C08E056
:1021A000DFF8A4C0604502D14FF0090C01E04FF008
:1021B0000A0C0CFA07FC4CEA060CCEF808C44F686F
:1021C000DBF80060FF0226EA020600D516435F46F0
:1021D000CBF80060D1F804C0DBF804605FEA8C2C17
:1021E00026EA020600D516437E606E684F6826EA2E
:1021F0000206BF0300D516436E602E684F6826EABC
:102200000206FF0300D516432E605B1C0A6832FAF3
:1022100003F67FF411AFBDE8F88F0000800000588E
:10222000F444025800000258000402580008025802
:10223000000C0258001002580014025800180258EE
:10224000001C025800200258002402580AB1816183
:1022500070470904FBE7000001480068000C704764
:102260000010005C014880687047000000000020FA
:1022700002488168027811448160704700000020A4
:10228000032010B500F0D4F801F0AEF80F4A104961
:1022900014681368C4F3032203F00F038A5CC95C5B
:1022A00002F01F0201F01F01D0400A4A20FA01F19A
:1022B0001160094908600F2000F010F808B10120F2
:1022C00010BD00F079F8002010BD0000184402583D
:1022D00096B10008100000200C00002070B50D4DD4
:1022E00004462878A0B14FF47A71B1FBF0F00A49A6
:1022F0000968B1FBF0F001F0D5FF48B9102C07D206
:1023000000222146501E00F073F800206C6070BD62
:10231000012070BD000000200C000020154BF0B51E
:10232000083B427813491A600B680A1F23F0010327
:102330000B6043681360057BC67A827A437B2D0766
:10234000847B45EA0665C77B90F809C0067A90F859
:1023500000E045EAC24040EA834040EA444040EAA7
:10236000074040EA0C2040EA460040EA0E000860C0
:10237000F0BD0000A0ED00E0BFF35F8F0448002136
:102380000368034A23F4803303607032116070479E
:1023900024ED00E0074A40F0010006497032106069
:1023A000086840F480300860BFF34F8FBFF36F8F31
:1023B0007047000024ED00E0054808B5016841F0D1
:1023C00002010160006800F00200009008BD0000FA
:1023D000F4440258002809DB410900F01F0289007B
:1023E000012001F1E0219040C1F800017047000098
:1023F0000E4BF0B41B680D46C3F30223C3F107066E
:10240000042E00D90426191D072901D2002300E05B
:10241000DB1E012404FA06F19C40491E2940641E7B
:10242000994014402143F0BC05F00ABF0CED00E0D8
:10243000064900F0070210B54FF6FF040868044B88
:10244000204040EA02201843086010BD0CED00E077
:102450000000FA05134970B50A68D243520705D542
:10246000096801F00701814213D118E00A6822F0DF
:10247000070202430A60FFF7F5FE0A4D4FF47A7631
:102480000446083D07E000BFFFF7ECFE001BB0422A
:1024900001D9012070BD2868C0438004F4D4002015
:1024A00070BD00000C48025810B500F057FF0549F8
:1024B0000968054AC1F30211515C01F01F01C840CF
:1024C00010BD00002044025896B10008494930B5BB
:1024D000484C0B1D0A68143409681D68246802F012
:1024E0000303C5F30012C1F30531C4F3CC04002982
:1024F00014FB02F200EE102AF8EE400A75D03F4AB3
:102500009FED3D1AB7EE000A6BB1DFED3D1A012BCE
:1025100001D0022B64D002EE101A1168F8EE422AA4
:1025200081EEA22A21E0334C283C23689B0612D579
:10253000344B246801EE901A1168C4F3C104F8EE1C
:10254000612AE34001EE903AC1F30801F8EE611A06
:1025500081EEA22A0BE001EE901ADFED2B2A00BFDC
:10256000F8EE611A116882EEA12AC1F3080101EEAA
:10257000901A1168F8EE611A40EE811A71EE800A25
:1025800062EE200AC1F3462101EE101AB8EE411A9C
:1025900031EE001AC0EE811ABCEEE11A80ED001A8D
:1025A0001168C1F3064101EE101AB8EE411A31EE7E
:1025B000001AC0EE811ABCEEE11A80ED011A116812
:1025C000C1F3066101EE101AB8EE411A31EE000AAD
:1025D00080EE801ABCEEC10A80ED020A30BD04E034
:1025E00001EE901ADFED092ABAE70021016041608F
:1025F0008160F3E72844025800000039384402584B
:102600000024744A0090D0030024744C20BCBE4BBC
:10261000494930B5484C0B1D0A681C3409681D68CF
:10262000246802F00303C5F30022C1F30551C4F38B
:10263000CC04002914FB02F200EE102AF8EE400A46
:1026400075D03F4A9FED3D1AB7EE000A6BB1DFED42
:102650003D1A012B01D0022B64D002EE101A116832
:10266000F8EE422A81EEA22A21E0334C283C23686E
:102670009B0612D5344B246801EE901A1168C4F3FE
:10268000C104F8EE612AE34001EE903AC1F308017B
:10269000F8EE611A81EEA22A0BE001EE901ADFED4E
:1026A0002B2A00BFF8EE611A116882EEA12AC1F34D
:1026B000080101EE901A1168F8EE611A40EE811AD5
:1026C00071EE800A62EE200AC1F3462101EE101A73
:1026D000B8EE411A31EE001AC0EE811ABCEEE11AD2
:1026E00080ED001A1168C1F3064101EE101AB8EE30
:1026F000411A31EE001AC0EE811ABCEEE11A80EDEB
:10270000011A1168C1F3066101EE101AB8EE411A00
:1027100031EE000A80EE801ABCEEC10A80ED020A9A
:1027200030BD04E001EE901ADFED092ABAE700217E
:10273000016041608160F3E72844025800000039DD
:10274000404402580024744A0090D0030024744C82
:1027500020BCBE4B2DE9FE4F0546DFF8E48350F860
:10276000081B0024F64FC943019005F128002646B6
:1027700008F12408009008011DD4A86E50B1B0F5EE
:10278000801F0CD0B0F5001F0ED0B0F5401F1ED03A
:1027900001240FE0386840F40030386017E00198F9
:1027A000022102F085FD03E00098022102F010FEF4
:1027B00004000CD026462888C043C00523D4A86D49
:1027C00005281ED2DFE800F00C11161B1B00AA6EB4
:1027D000D8F8001021F440111143C8F80010EAE7BE
:1027E000386840F40030386009E00198002102F0B8
:1027F0005FFD03E00098002102F0EAFD044674B199
:1028000000E0012426462888C043800528D4E86DCE
:1028100080281ED00CDC90B140280ED114E0AA6DA7
:10282000D8F8001021F007011143C8F80010EAE7BA
:10283000C02813D0B0F5807F10D001240FE0386895
:1028400040F40030386009E00198002102F030FDCA
:1028500003E00098002102F0BBFD04469CB126462F
:102860002888DFF8DC92C04309F12C0940052CD4FC
:10287000D5F8A800B0F5800F20D00DDCA0B1B0F5E0
:10288000001F0FD115E0EA6DD8F8001021F4E071B7
:102890001143C8F80010E3E7B0F5C00F13D0B0F54E
:1028A000000F10D001240FE0386840F40030386089
:1028B00009E00198002102F0FBFC03E000980021F0
:1028C00002F086FD04467CB126462888C0430005F8
:1028D0002DD4D5F8AC00B0F1007F21D00EDCA8B12A
:1028E000B0F1807F10D116E0D5F8A820D9F80010FB
:1028F00021F460011143C9F80010E6E7B0F1407F10
:1029000013D0B0F1806F10D001240FE0386840F48C
:102910000030386009E00198002102F0C9FC03E0B2
:102920000098002102F054FD044674B12646286840
:10293000C04380011FD4E86CD8B110280FD02028E4
:1029400012D0302815D0012414E0D5F8AC20D9F8E5
:10295000001021F0E0611143C9F80010E7E7386882
:1029600040F40030386004E00198022102F0A0FC3D
:10297000044674B126462888C043C0042BD4286E70
:10298000B0F5005F20D00DDCA0B1B0F5805F0FD1B5
:1029900015E06B48EA6C2030016821F030011143EA
:1029A0000160E8E7B0F5405F13D0B0F5804F10D07C
:1029B00001240FE0386840F40030386009E00198E5
:1029C000002102F075FC03E00098002102F000FDF8
:1029D00004468CB126462888C043800429D4686EFA
:1029E000B0F5403F23D010DC08B3B0F5803F14D0E1
:1029F000B0F5003F0FD115E02A6ED8F8001021F491
:102A0000E0411143C8F80010E5E7B0F5802F0ED083
:102A1000B0F5A02F0BD001240AE00198012102F0AB
:102A200047FC03E00098012102F0D2FC044694B177
:102A300026462888C04340042AD4D5F8B000B0F117
:102A4000405F23D010DC08B3B0F1805F14D0B0F148
:102A5000005F0FD115E06A6ED8F8001021F4E02174
:102A60001143C8F80010E4E7B0F1804F0ED0B0F188
:102A7000A04F0BD001240AE00198012102F018FCBC
:102A800003E00098012102F0A3FC044674B126463D
:102A90002888C04300041FD4286FD8B1B0F1805FEC
:102AA0000ED0B0F1005F10D0012414E0D5F8B020B2
:102AB000D9F8001021F0E0411143C9F80010E7E710
:102AC000386840F40030386004E00198012102F0D9
:102AD000EFFB044674B126462868C043C0011ED4EB
:102AE000A86CD0B101280ED0022811D0032814D030
:102AF000012413E02A6FD8F8001021F0405111434F
:102B0000C8F80010E8E7386840F40030386004E0A6
:102B10000198022102F0CCFB0446ACB1264628689D
:102B2000DFF81CB0C043ABF11C0B400252D4054887
:102B3000016841F480710160FFF794FB824611E067
:102B40002C44025800480258FA48AA6C016821F047
:102B5000030111430160E2E7FFF784FBA0EB0A00E9
:102B6000642835D8F4480068C005F5D58CBBDFF87B
:102B7000C4A3B5F8B4100AF1240ADAF8000001F48D
:102B8000407100F44070884211D0DAF80010DAF891
:102B9000002021F4407142F48032CAF80020DAF8B3
:102BA000002022F48032CAF80020CAF80010D5F8BC
:102BB000B400B0F5807F1AD1FFF754FB029012E009
:102BC000FFF750FB0299411A41F2883081420AD93D
:102BD000032426462878DFF85CA3C0430AF1080ADC
:102BE000C00721D03CE0DAF800008007E8D5D5F82E
:102BF000B410C1F30120032858460DD0016821F418
:102C00007C510160B5F8B420DAF80010C2F30B0271
:102C10001143CAF80010DDE7C84A036802EA11123E
:102C200023F47C511143ECE7E86F182816D005DC3B
:102C3000A0B1082808D0102804D10AE020280DD01F
:102C400028280BD001240AE00198012102F030FB72
:102C500003E00098012102F0BBFB044664B1264664
:102C60002878C04380071ED4A86F062819D2DFE851
:102C700000F0160C11161616EA6FDAF8001021F0A3
:102C800038011143CAF80010EAE70198012102F067
:102C90000FFB03E00098012102F09AFB04467CB18F
:102CA00000E0012426462878C04340071FD4D5F809
:102CB0009400062819D2DFE800F0160C111616163B
:102CC000AA6FDAF8001021F007011143CAF80010CA
:102CD000E9E70198012102F0EBFA03E000980121F5
:102CE00002F076FB0446A4B100E0012426462878D1
:102CF000C04380062BD4D5F89000B0F1405F24D0BB
:102D000011DC10B3B0F1805F15D0B0F1005F10D1CD
:102D100016E0D5F89420D9F8001021F007011143EE
:102D2000C9F80010E3E7B0F1804F0ED0B0F1A04F2A
:102D30000BD001240AE00198002102F0B9FA03E067
:102D40000098022102F044FB044694B126462878FC
:102D5000C04340062BD4D5F89C00B0F5406F24D07A
:102D600011DC10B3B0F5806F15D0B0F5006F10D145
:102D700016E0D5F89020DAF8001021F0E041114378
:102D8000CAF80010E3E7B0F5805F0ED0B0F5A05FA1
:102D90000BD001240AE00198002102F089FA03E037
:102DA0000098022102F014FB044694B126462878CC
:102DB000C04300062BD4D5F8A000B0F5C04F24D0F6
:102DC00011DC10B3B0F5005F15D0B0F5804F10D115
:102DD00016E0D5F89C20D9F8001021F4E0511143F9
:102DE000C9F80010E3E7B0F5004F0ED0B0F5204F62
:102DF0000BD001240AE00198002102F059FA03E007
:102E00000098022102F0E4FA044654B126462878DC
:102E1000C04300071ED4D5F88400B0F5805F0AD007
:102E20000FE0D5F8A020D9F8001021F4604111433B
:102E3000C9F80010EBE70098022102F0C9FA00B1CE
:102E40000126D5F88420DAF8001021F4405111430E
:102E5000CAF800102878C043C00613D4D5F89800EB
:102E6000B0F5807F05D10098022102F0B1FA00B1DF
:102E70000126D5F89820D9F8001021F440711143AB
:102E8000C9F800102868C043000316D4D5F8A40080
:102E900038B1B0F5803F09D0B0F5003F0BD0012428
:102EA0000AE00198002102F003FA03E000980221F1
:102EB00002F08EFA04468CB126462868C0434003CF
:102EC00022D4D5F88800B0F5801F11D0B0F5001FCE
:102ED00013D0B0F5401F15D0012414E0D5F8A4207C
:102EE000D9F8001021F440311143C9F80010E4E78B
:102EF000386840F40030386004E00098012102F0A6
:102F000067FA04465CB126462868C043C00323D450
:102F1000286DA8B1B0F5803F17D001241BE0D5F88B
:102F20008820DAF8001021F440111143CAF800108B
:102F3000EAE700004C44025800480258CFFFFF0067
:102F4000386840F40030386004E00198022102F053
:102F5000AFF90446E4B126462868C043800005D492
:102F60000098022102F034FA00B101262868C0431B
:102F700080031BD4D5F88000B0B1B0F5807F0FD0AE
:102F8000B0F5007F10D0B0F5407F0DD001240CE0EB
:102F90005A482A6D016821F4803111430160DBE752
:102FA000386840F400303860ECB326462868C043E7
:102FB000C00207D46A6FD8F8001021F00041114315
:102FC000C8F800102868C043C00008D4D5F8B8205D
:102FD000DBF8001021F480411143CBF80010286881
:102FE000C043800207D4EA6ED8F8001021F0807147
:102FF0001143C8F800102868C04340000CD4DBF827
:10300000001021F40041CBF80010DBF80010D5F8D7
:10301000BC201143CBF800102868C04308D43748BF
:103020006A6D016800E018E021F040511143016031
:103030002868C043000208D4D5F88C20DAF80010C4
:1030400021F440011143CAF8001028790024C0433C
:1030500000F0010020430AD00FE0D5F88020DAF814
:10306000001021F440711143CAF800109EE7019846
:10307000002102F01DF900B106462879C04300F096
:103080000200204305D10198012102F011F900B19D
:1030900006462879C04300F00400204305D101987A
:1030A000022102F005F900B106462879C04300F07C
:1030B0000800204305D10098002102F089F900B1F1
:1030C00006462879C04300F01000204305D100983F
:1030D000012102F07DF900B106462879C04300F0D5
:1030E0002000044304D10098022102F071F900B9D4
:1030F00016B10120BDE8FE8F0020FBE74C440258CA
:103100002DE9F05F04000F467ED0DFF83882D8F852
:10311000000000F00F00B8420CD2D8F8001021F0E7
:103120000F013943C8F80010D8F8000000F00F0074
:10313000B84269D12078844D40070AD520692968B2
:1031400001F07001884204D9296821F0700101431F
:10315000296020787C4E361D00070AD560693168E9
:1031600001F07001884204D9316821F070010143F7
:1031700031602078C0060AD5A069316801F4E061A9
:10318000884204D9316821F4E0610143316020783C
:10319000DFF8B4B180060BF1080B0CD5E169584695
:1031A000DBF8002002F07002914204D9026822F09C
:1031B00070020A430260207880070AD5E068296817
:1031C00001F00F01884204D9296821F00F01014361
:1031D00029602078C0073ED05B49A268286818396A
:1031E00020F47060104328606068022818D003281B
:1031F00019D00968012819D0490700294ADADFF8EF
:1032000048A1AAF1080A00E044E0DAF8002022F020
:1032100007020243CAF80020FFF724F8814612E0B3
:1032200009688903E9E709688901E6E7C905E4E770
:10323000FFF718F8A0EB090141F28830814202D96A
:103240000320BDE8F09F6168DAF8000000F0380064
:10325000B0EBC10FECD1207880070AD5E06829686F
:1032600001F00F01884204D2296821F00F010143C7
:103270002960D8F80010404601F00F01B9420BD97F
:10328000016821F00F0139430160006800F00F0070
:10329000B84201D00120D4E7207840070AD5206940
:1032A000296801F07001884204D2296821F0700178
:1032B00001432960207800070AD56069316801F070
:1032C0007001884204D2316821F0700101433160FD
:1032D0002078C0060AD5A069316801F4E06188420F
:1032E00004D2316821F4E061014331602078800626
:1032F0000CD5E1695846DBF8002002F070029142DB
:1033000004D2026822F070020A43026000F06CF8F6
:103310000E492A682B68C2F3032203F00F038A5C6C
:10332000C95C02F01F0201F01F01D040084A20FAD8
:1033300001F111600749086007480068BDE8F05FC7
:10334000FEF7CCBF002000521844025896B1000886
:10335000100000200C0000200400002030B500F018
:1033600043F80B4A0B490C4B15681468C5F303224C
:1033700004F00F048A5C095D02F01F0201F01F01D6
:10338000D040064A20FA01F119601060084630BDAD
:103390001844025896B10008100000200C000020CC
:1033A00000B5FFF7DBFF05490968054AC1F30211C3
:1033B000515C01F01F01C84000BD00001C440258D0
:1033C00096B1000800B5FFF7C9FF05490968054A2D
:1033D000C1F30221515C01F01F01C84000BD000093
:1033E0001C44025896B10008454970B54548096823
:1033F000434B103B11F0380208D00111082A03D0CA
:10340000102A0BD0182A0BD0084670BD19688906FF
:10341000FBD51968C1F3C101C84070BD3A4870BD01
:103420003749374D18310C1D24350A68096826685C
:103430002D6802F0030406F00102C1F30511C5F383
:10344000CC0515FB02F200EE102AB8EE400AE9B3F3
:103450002F4ADFED2E0AB7EE001A6CB1DFED2D1A00
:10346000012C01D0022C43D002EE101A1068F8EEA5
:10347000422A81EEA22A1EE01C68A40611D51B6810
:1034800001EE901A1168C3F3C103F8EE612AD84027
:1034900001EE900AC1F30800F8EE611A81EEA22A4B
:1034A0000BE001EE901ADFED1C2A00BFF8EE611A66
:1034B000106882EEA12AC0F3080001EE900AF8EE2F
:1034C000611A40EE201A31EE810A00E015E022EE8A
:1034D000000A1068C0F34620401C00EE900AF8EE87
:1034E000600A80EE201ABCEEC10A10EE100A70BD10
:1034F00001EE901ADFED092AD8E7002070BD000028
:10350000104402580090D00340787D01000000393B
:10351000304402580024744A0024744C20BCBE4B32
:103520002DE9F05F04007DD0FF4F2078FE4D183765
:10353000DFF8F493103DC00748D0D9F8000039688F
:1035400000F03800102815D0182803D101F003002E
:1035500002280FD06068B0F5803F12D010B1B0F5EE
:10356000A02F18D0286820F480302860286820F424
:10357000802009E02868800328D560680028D2D020
:1035800024E0286840F480302860606888B1FEF745
:1035900069FE064609E0286840F480202860F0E7CC
:1035A000FEF760FE801B64286FD828688003F7D57B
:1035B0000CE0FEF757FE064605E000BFFEF752FEA0
:1035C000801B6428F0D828688003F7D4207841F263
:1035D0000308D54E0C3E800769D5D9F8000039683C
:1035E00010F038000ED0182801D188070AD0E06802
:1035F00090B3296821F0190101432960FEF732FEDA
:10360000824631E02868400702D5E06800288AD069
:10361000E168286820F0190008432860FEF722FEC0
:10362000824607E0DFE000BFFEF71CFEA0EB0A00C9
:103630000228B9D828684007F6D500BFFEF70CFE6F
:1036400040451BD82069402812D0316821F47C31D4
:1036500041EA003030602AE018E000BFFEF702FEC9
:10366000A0EB0A0002289FD828684007F6D5E5E7B6
:10367000306820F47C3040F40030EBE7207C316887
:1036800021F0FE4141EA0060E4E70DE1286820F006
:1036900001002860FEF7E6FD824605E0FEF7E2FD48
:1036A000A0EB0A0002288DD828684007F6D42078BD
:1036B000C0065DD5D9F80000DFF86CB2396800F0BB
:1036C0003800ABF1040B082810D0182803D101F002
:1036D000030001280AD0E0690028286838D040F0AB
:1036E00080002860FEF7BEFD824623E02868C00502
:1036F00023D5E069802876D11FE0206A202821D0D8
:10370000316821F0F84141EA8060306030E000BF6C
:1037100094F82010DBF8002022F07C5242EA01618C
:10372000CBF8001024E000BFFEF79CFDA0EB0A00E0
:10373000022898D82868C005F6D5FEF78DFD4045CB
:10374000E6D8DAE7306820F0F84040F08040DCE767
:1037500020F080002860FEF785FD064605E000BFEA
:10376000FEF780FD801B02289DD82868C005F7D48D
:103770002078000729D56C486169643000298046AB
:10378000016811D041F001010160FEF76BFD0646B2
:1037900005E000BFFEF766FD801B0228C9D8D8F8F7
:1037A00000008007F6D510E021F001010160FEF76E
:1037B00059FD064605E000BFFEF754FD801B0228B8
:1037C00072D8D8F800008007F6D42078800623D578
:1037D000A0690028286810D040F480502860FEF7C7
:1037E00041FD064605E036E1FEF73CFD801B022860
:1037F0005AD828688004F7D50EE020F4805028605D
:10380000FEF730FD064604E0FEF72CFD801B022883
:103810004AD828688004F7D4207840074FD5DFF8CD
:103820000C81D8F8001041F48071C8F80010FEF740
:1038300019FD064605E000BFFEF714FD801B642855
:1038400032D8D8F80000C005F6D5374EA0686036EB
:1038500001280AD008B1052813D0306820F00100F3
:103860003060306820F0040002E0306840F0010071
:103870003060A06841F2883A90B1FEF7F3FC8046D0
:103880000AE0306840F004003060EEE7FEF7EAFC42
:10389000A0EB0801514507D830688007F6D50EE047
:1038A000FEF7E0FC804607E084E000BFFEF7DAFCAC
:1038B000A0EB080151457DD830688007F6D4606AD6
:1038C000B0B3DFF86480D9F8001008F120084FF693
:1038D000F87B08F10409C1F3C2010329A8F1040A25
:1038E00069D00228286820F08070286003D0FEF795
:1038F000B9FC044684E0FEF7B5FC064605E000BFCF
:10390000FEF7B0FC801B022877D828688001F7D426
:10391000E26A40F2F331386854F8283F884340EABD
:1039200002101843386004E010440258004802585E
:10393000B5E0217B434622894FF4FE0C208A4FF0EC
:10394000FE474902267D521E401EA1F50071C2F3BA
:1039500008088AB2761E0CEA004042EA08020243D6
:10396000504607EA06610A431A60DAF8002022F09E
:103970000102CAF80020D9F80020266A22EA0B02C8
:1039800042EAC602C9F80020DAF80010A26921F064
:103990000C011143CAF800100168E26921F002012C
:1039A00011430160016841F480310160016841F414
:1039B000003101E021E027E00160016841F480214D
:1039C0000160016841F001010160286840F08070E9
:1039D0002860FEF747FC044605E000BFFEF742FC06
:1039E000001B022809D828688001F7D557E000BFDE
:1039F000FEF738FC001B022802D90320BDE8F09F27
:103A000028688001F4D44AE039680128D8F8000019
:103A100021D0A26A01F0030393421CD1E26AC1F3F0
:103A200005118A4217D1216BC0F30802491E8A4250
:103A300011D1616BC0F34622491E91420BD1A16B9B
:103A4000C0F30642491E914205D1E16BC0F3066006
:103A5000491E814201D00120D0E7A16C4E46D9F821
:103A60000000C0F3CC00814219D0DAF800005546BE
:103A700020F00100CAF80000FEF7F4FB4FEA00074F
:103A8000FEF7F0FBB842FBD0A26C306820EA0B00D6
:103A900040EAC2003060286840F001002860002041
:103AA000ACE700002DE9F047040029D0594A4FF057
:103AB00000092068584B594D9042C4F8289006D010
:103AC000984204D0A84202D0E1680F2918D8E168D2
:103AD0004FF0010AE76B0831C9080AEB571671432A
:103AE000904205D0984203D0A84201D0082907D8B7
:103AF000904203D0984201D0A84204D1102902D9A3
:103B00000120BDE8F08794F8810020B9204684F8B0
:103B1000809000F085F8022084F881002068016818
:103B200021F0010101602068A1698268B1F1806F14
:103B300002F4F81110D16268B2F5800F01D01AB109
:103B40000AE0A26B22B107E0A26BB2F1805F03D161
:103B5000026842F4805202606068400209D5E06861
:103B6000072806D32068236D026822F480721A4366
:103B700003E02068026822F480720260A66AE069AD
:103B8000E26B25683043E3680A4310431843A8609A
:103B9000D4E90D02D4E90581636A25691843D4F894
:103BA00020C00A43266810432843A56DD4E901725A
:103BB000D4E9123140EA080040EA0C0038430843D7
:103BC000104318432843F060606868B92068816832
:103BD00021F4C05141F4006181602068816821F4C2
:103BE000C06141F4806181602068016D21F00101B4
:103BF00001656068400206D52068626DC16821F0E9
:103C000000411143C160C4F8849084F881A0002071
:103C100077E700000030014000380040003C0040E1
:103C2000F0B5B7B00446142130A8FCF7C2FBC021A0
:103C30006846FCF7BEFB3649022620680527334D4F
:103C40000024884223D1811418940020CDE900106B
:103C50006846FEF77FFD08B1FDF76EFD2B4810307A
:103C6000016841F480510160006800F48050359093
:103C7000286840F001002860286830A900F00100A1
:103C80003590E02030902348CDE9316438E0224976
:103C9000884239D1811418940020CDE9001068467B
:103CA000FEF758FD08B1FDF747FD184808300168D8
:103CB00041F480410160006800F48040359028683C
:103CC00040F004002860286800F00400359028685F
:103CD00040F002002860286830A900F0020035900A
:103CE00006203090CDE931640C48CDE93347FEF72A
:103CF00097F94FF480603090094830A9CDE93164DC
:103D0000CDE93347FEF78CF937B0F0BDE0440258F7
:103D100000300140000002580038004000080258FE
:103D2000000402582DE9F84F994617468A46044682
:103D3000FEF798FA064694F88100012839D1BAF1C5
:103D4000000F7CD0002FFCD094F88000012830D0E8
:103D5000A26800254FF0010884F88080032184F8D0
:103D60008110C4F88450C4F85CA06566A4F868505B
:103D7000656725672C34B2F5C02FA786E786E587EF
:103D800054F82C0D18D0C16821F4C02141F4003141
:103D9000C160206841686FF30F01394341602068BA
:103DA000016841F0010101606068B0F5800F08D042
:103DB0000CE00220BDE8F88F016841F40061016069
:103DC000E7E72068016841F400710160E0680F28AE
:103DD0001CD820E02068416989070BD5E16D09688E
:103DE0000162E06D001DE065B4F86200401EA4F8B9
:103DF00062000BE0FEF736FA811B494503D3B9F1A7
:103E0000FF3F03D09BE0B9F1000F31D0B4F862005E
:103E10000028DFD177E007282ED870E020684169BC
:103E200089071DD5B4F8621001290DD9E16B59B18C
:103E3000E16D09680162E06D001DE06500E07CE075
:103E4000B4F86200801E08E0E16D09880184E06D2D
:103E5000801CE065B4F86200401EA4F862000BE02C
:103E6000FEF700FA811B494503D3B9F1FF3F03D0A8
:103E700065E0B9F1000F62D0B4F862000028CDD13E
:103E800041E02068416989072DD5B4F86210032903
:103E90000CD9E16B402909D9E16D09680162E06D37
:103EA000001DE065B4F86200001F19E0B4F862106C
:103EB00001290BD9E16B49B1E16D09880184E06DFD
:103EC000801CE065B4F86200801E09E0E16D0978AD
:103ED00080F82010E06D401CE065B4F86200401EE0
:103EE000A4F862000BE0FEF7BDF9811B494503D33E
:103EF000B9F1FF3F03D022E0B9F1000F1FD0B4F8B1
:103F000062000028BDD100224B46082120460096C1
:103F100001F022FF28B1D4F8840040F02000C4F85A
:103F20008400204601F03AFE84F88180D4F88400B1
:103F300084F8805000283FF43DAF01203AE7204646
:103F400001F02CFED4F8841084F8805041F4807184
:103F5000C4F8841084F8818003202BE72DE9FF4FFB
:103F60000446C06B81B01D4617464009401C1FFA2D
:103F700080FBFEF777F9824694F881002E460128EF
:103F800035D1029800287CD0002FFCD0002DFAD02B
:103F900094F8800001282AD04FF0010984F880901D
:103FA00005224FF0000884F88120C4F884806766F9
:103FB000A4F86A50A4F868500299E165A4F8625028
:103FC000A4F86050C4F87080C4F874802068C16898
:103FD00021F4C021C160AC492068884205D0AB49BA
:103FE000884202D0AA49884205D1102704E0022065
:103FF00005B0BDE8F08F082741686FF30F01294332
:1040000041602068016841F0010101606068B0F51D
:10401000800F04D12068016841F400710160E068FC
:104020000F284CD9BF0838E020684169890710D5AE
:104030007EB1F119A9420CD9E16D09680162E06D08
:10404000001DE065B4F86200401EA4F86200B4F8F8
:1040500062602068416905B34269D20703D15D45BA
:1040600010D209040ED5006B616E0860606E001DF1
:104070006066B4F86A00401EA4F86A00B4F86A509A
:104080000BE0EEE0FEF7EEF8A0EB0A010E9881429D
:1040900002D3401C01D004E018B156EA0500C3D198
:1040A000C6E0204601F07AFDD4F8840084F88080D0
:1040B00040F48070C4F8840084F88190E0E0072820
:1040C00079D97F084BE020684169890710D57EB116
:1040D000F119A9420CD9E16D09880184E06D801CB9
:1040E000E065B4F86200401EA4F86200B4F86260B3
:1040F000206841691DB34269D20709D0008E616E04
:104100000880606E801C6066B4F86A00401E12E091
:104110005D4515D20A0413D5008E616E0880606E6D
:10412000801C60662168098E0180606E801C60665C
:10413000B4F86A00801EA4F86A00B4F86A500EE071
:10414000012D01D18904D9D4FEF78CF8A0EB0A0126
:104150000E98814202D3401C01D084E060B356EA3D
:104160000500B0D164E020684169890711D586B1A6
:10417000F119A9420DD9E16D097880F82010E06DA0
:10418000401CE065B4F86200401EA4F86200B4F878
:1041900062602068416975B14269D2070DD000BFE5
:1041A00090F83000616E0870606E401C6066B4F874
:1041B0006A00401E24E038E055E05D4525D20A043F
:1041C00023D590F83000616E0870606E401C606608
:1041D000216891F830100170606E401C60662168A3
:1041E00091F830100170606E401C6066216891F893
:1041F00030100170606E401C6066B4F86A00001FE9
:10420000A4F86A00B4F86A500FE0042D02D211F449
:10421000C04FC5D1FEF726F8A0EB0A010E988142E7
:1042200002D3401C01D01EE0E8B156EA05009AD145
:104230000E9B002208212046CDF800A001F08CFD45
:1042400028B1D4F8840040F02000C4F8840020464F
:1042500001F0A4FC84F88190D4F8841084F8808064
:1042600081B10120C4E6204601F098FCD4F88420F6
:1042700084F8808042F48072C4F8842084F88190AD
:104280000320B5E60020B3E60030014000380040CE
:10429000003C0040024A136883430B43136070479D
:1042A00004040058401EB0F1807F10B501D30120F6
:1042B00010BD4FF0E02460610F21601703F0C0FFD4
:1042C0000020A0610721216110BD30B590F8841055
:1042D000012918D0012280F884202421C0F88810F8
:1042E0000022202401680B680D6823F0005325F09C
:1042F00001050D60426601680B60C0F8884080F8D7
:104300008420104630BD022030BD7047704770B524
:10431000044690F8840001281DD0012284F88420EE
:104320002420C4F8880020680568026822F0010291
:1043300002602068826822F060620A438260204640
:1043400003F014F82268202100201560C4F88810BA
:1043500084F8840070BD022070BD70B5044690F8EA
:10436000840001281DD0012284F884202420C4F870
:10437000880020680568026822F001020260206857
:10438000826822F060420A438260204602F0EEFF1B
:104390002268202100201560C4F8881084F8840069
:1043A00070BD022070BD7047704770472DE9F04125
:1043B00007680025044640F60F030226F8693968AD
:1043C000BA6818420AD183067ED501F0200302F0B4
:1043D000805C53EA0C0377D0616F7EE1D44BDFF849
:1043E00054C3134001EA0C0C53EA0C0C6CD05FEA86
:1043F000C07C0CD05FEAC15C09D54FF0010CC7F856
:1044000020C0D4F8907047F00107C4F89070870777
:1044100009D5D70707D027683E62D4F8906046F0E8
:104420000406C4F8906046070AD5D60708D0276866
:1044300004263E62D4F8906046F00206C4F890600C
:1044400006070CD501F020061E4308D02668082375
:104450003362D4F8903043F00803C4F89030030579
:104460000BD54B0109D526684FF400633362D4F8AD
:10447000903043F02003C4F89030D4F89030002BF3
:104480003DD0800609D501F0200002F0805108439C
:1044900003D0616F09B1204688472168D4F89000A5
:1044A0008968490602D410F0280F2AD0204603F06C
:1044B00041F82068806840061ED52068083050E822
:1044C000001F21F0400100E021E040E80012002A36
:1044D000F3D1D4F8800078B197490165D4F8800011
:1044E000FDF736FC00280AD0D4F88000016D00E00A
:1044F0002046BDE8F04108472046FFF756FFBDE8DB
:10450000F0812046FFF751FFC4F89050F7E7D4F848
:104510006CC02023BCF1010F7ED15FEAC06C7BD55B
:104520005FEAC16C78D51020386220688068400648
:1045300073D5D4F8802081491068884234D07F49EF
:104540001831884230D07D49303188422CD07B49A7
:104550004831884228D079496031884224D077494F
:104560007831884220D07549903188421CD07349F7
:10457000A831884218D07249884215D07049183144
:10458000884211D06E49303188420DD06C49483193
:10459000884209D06A496031884205D0684978313B
:1045A000884201D06649903140684FF4807700041A
:1045B000000C40D0B4F85C1081423CD9A4F85E00F5
:1045C000D069B8422FD0216851E8000F20F48070E4
:1045D00041E80002002AF6D12068083050E8001FA8
:1045E00021F0010140E80012002AF5D120680830CE
:1045F00050E8001F21F0400140E80012002AF5D1E8
:10460000C4F88C30E566206850E8001F21F01001E6
:1046100040E80012002A01E04AE019E0F3D1D4F8A2
:104620008000FDF7E5F92667B4F85C00B4F85E1089
:10463000401A81B208E0B4F85C1081427FF466AFA2
:10464000D069B842FAD126672046FFF75EFE56E7EA
:10465000B4F85C00B4F85E10B4F85E20401A81B281
:10466000002AF4D00029F2D0226852E8000F20F48A
:10467000907042E80007002FF6D1324F206800F119
:10468000080050E8002F02EA070240E8002CBCF1C5
:10469000000FF3D1C4F88C30E5666567226852E8F4
:1046A000000F20F0100042E80003002BF6D1CAE70B
:1046B000C60209D5560207D54FF48010386220464D
:1046C000BDE8F041FFF770BE06060AD501F080068E
:1046D00002F40002164304D0A16F00297FF408AF52
:1046E0000DE7420611D54A060FD52046016851E86C
:1046F000002F22F0400241E80024002CF6D1C0F83F
:104700008830856700F0B4F9F9E6020206D54A0060
:1047100004D52046BDE8F041FFF745BEC00196D55F
:10472000002994DA2046BDE8F041FFF7EFBD000014
:104730000100001020010004237500081000024051
:1047400010040240FEFFFFEF10B5040003D0D4F8C0
:10475000880010B107E0012010BD002084F884001B
:10476000204600F027F82420C4F88800206801685B
:1047700021F001010160A06A10B1204602F018FE8C
:10478000204603F069F90128E6D02068416821F449
:10479000904141602068816821F02A018160206891
:1047A000016841F0010101602046BDE8104002F0BF
:1047B00063BE00002DE9F041B6B00446142130A8D4
:1047C000FBF7F7FDC0216846FBF7F3FD4C4D0227D0
:1047D0004C492068083D4A4E002488422DD10020D3
:1047E0001E940221CDE900106846FDF7B3FF08B121
:1047F000FCF7A2FF306840F480103060306800F4AD
:1048000080103590286840F00200286028680E214A
:1048100000F0020035904FF440503090CDE93174F3
:10482000CDE93341384830A9FDF7FAFB00220221D7
:104830003520FDF7DDFD352030E034494FF0070825
:10484000884230D100201E940221CDE90010684634
:10485000FDF780FF08B1FCF76FFF306840F0804043
:104860003060306800F080403590286840F01000DB
:10487000286028684FF4C071309130A900F0100012
:10488000CDE931743394CDE934802148FDF7C8FB7C
:10489000002202215220FDF7ABFD5220FDF79AFDC8
:1048A00036B0BDE8F0811B498842F9D100201F9441
:1048B0000121CDE900106846FDF74CFF08B1FCF777
:1048C0003BFF0F480830016841F0100101600068AB
:1048D00000F010003590286840F00100286028683A
:1048E0004FF4C061309130A900F00100CDE931747E
:1048F0003394CDE934800848FDF792FBD0E70000FF
:10490000E84402580050004000040258007800407B
:1049100000100258001001400000025830B4D0F8D6
:104920008C30202B02D0022030BC7047A9B1A2B13C
:104930000B4D00240368C466AB420BD05B681B02BE
:1049400008D5046854E8003F43F0806344E800352C
:10495000002DF6D130BC03F055BA0120E4E7000089
:10496000000C005810B500680E4A0F49904208D15B
:1049700009790E4800F032FE0B4901220C48091D4E
:104980000AE00C4A90420BD149790B4800F026FE10
:10499000054901220948491DBDE81040FFF7BEBF87
:1049A00010BD00000050004014000020480300200B
:1049B0008C010020007800404C04002020020020E0
:1049C0002DE9F8430446D0F88800984616460D466F
:1049D000202802D00220BDE8F883A5B19EB10021B5
:1049E000C4F890102120C4F888001834FDF73AFC70
:1049F000814654F8100CA687E6872027183CB0F5AE
:104A0000805F02D003E00120E5E7206910B12E4667
:104A1000002510E000260EE08021204603F07AFAFF
:104A2000C0B9DEB116F8010B21688862B4F85600EF
:104A3000401EA4F85600B4F856004B464FF0000252
:104A4000CDF800800028E7D14FF04001204603F068
:104A500061FA48B1C4F888700320BCE735F8020B4E
:104A60002168C0F30800E0E7C4F888700020B2E7CE
:104A7000704700001B49002010B5A1F80001A1F803
:104A8000020101F58271A1F80001A1F802010246BC
:104A900015490870487005213520FDF7A9FC35201F
:104AA000FDF798FC002205215220FDF7A1FC5220C1
:104AB000FDF790FC0C4901220C48091DFFF72EFF61
:104AC000094901220A48491DFFF728FF09A000F003
:104AD00031F846F2666000F049F8BDE8104008A0E1
:104AE000FCF7FABD48030020140000208C010020D0
:104AF000200200207061676520696E697400000003
:104B00005B484D495D20484D49E6A8A1E59D97E5E4
:104B1000889DE5A78BE58C96E5AE8CE688902C20E9
:104B2000E7AD89E5BE85E68C87E4BBA42E2E2E0D6D
:104B30000A00000038B50446FBF746FC09A182B222
:104B400064230868214600900748FFF739FF0648AC
:104B5000642303226946FFF733FF6420FDF73AFA26
:104B600038BD0000FFFFFF008C01002008B5010ADE
:104B700064238DF8001002228DF801006946044874
:104B8000FFF71EFF010002D002A0FCF7A5FD08BD43
:104B9000200200205B55415254375D202A2A2A20EA
:104BA0005472616E736D6974204641494C454421CD
:104BB000207265743D25640D0A0000007CB5384CF8
:104BC0002078F0B14BE0374800216A4600F0F4FC51
:104BD0003448012101AA00F0EFFC9DF800109DF877
:104BE000040040EA0125284600F079F800282D4805
:104BF000694604D000F0CCFC2A4801A922E000F06C
:104C0000C7FC284800F0FBFC0228DCD222E0264842
:104C100000216A4600F0D0FC2348012101AA00F0DF
:104C2000CBFC9DF800109DF8040040EA01252846C1
:104C300000F055F800281C48694609D000F0A8FC8F
:104C4000194801A900F0A4FC2846FCF765FC7CBDCE
:104C500000F09EFC144800F0D2FC0228D7D2207845
:104C6000082815D2DFE800F004050508080B0E112E
:104C7000EDE702F011FA7CBD01F07CFF7CBD02F093
:104C8000ABF97CBD02F0A0F87CBD01F08FFD7CBDCE
:104C9000014606A0FCF720FD0020207060707CBD5E
:104CA00014000020480300204C0400205B484D49BC
:104CB0005D203E3E2053544154453A20554E4B4EC4
:104CC0004F574E282564292C207265736574207413
:104CD0006F2049444C450D0A00000000FEE740F2F9
:104CE00001129042A0F2011116D007DC102813D057
:104CF000112811D0B0F5807F0CD10DE0A1F58071A5
:104D0000013909D0A1F58071013905D0A1F5807173
:104D1000013901D00020704701207047044905483F
:104D200010B5FCF741FE0249491E087010BD000095
:104D300065000020500000202DE9F04F87B01421BD
:104D40006846FBF736FB5448016841F0800101607A
:104D5000016801F080010591016841F004010160E2
:104D6000016801F004010591016841F00101016051
:104D7000016801F001010591016841F01001016035
:104D8000016801F010010591016841F00201016024
:104D9000016801F002010591016841F0080101601C
:104DA00000680022DFF8F490012100F0080005906F
:104DB0004846FDF74BFA012248460821FDF746FA1E
:104DC000DFF8DCA0012207215046FDF73FFADFF8AB
:104DD000D4B043F61878002241465846FDF736FA1B
:104DE000314800223821FDF731FA002569460124B7
:104DF00000944846CDE901450395FDF711F90326D6
:104E0000694608274846CDE90074CDE90246FDF71A
:104E100007F902206946CDE90064CDE90240504619
:104E2000FDF7FEF804206946CDE90004CDE902460D
:104E30005046FDF7F5F84FF404100097CDE9010452
:104E400069465046FDF7ECF8CDF800806946CDE99B
:104E5000014558460395FDF7E3F8382069468DE88B
:104E6000310011480395FDF7DBF80021E006FFF75C
:104E700011FA00212006FFF70DFA00216006FFF766
:104E800009FA002201210920FDF7B2FA0920FDF7F5
:104E9000A1FA07B0BDE8F08FE044025800080258BC
:104EA00000000258000C0258000402582DE9F0419D
:104EB000154807254FF08042124F00219411C0E998
:104EC000021513118361C0E90414C0E9072141628E
:104ED00016128162C162C0E90D21C163016441649F
:104EE0008164C164016541658165C0E90076FEF7B2
:104EF000D9FD002803D0BDE8F041FCF71DBCBDE89A
:104F0000F0810000003001407C0000202DE9F041DC
:104F100017484FF48007DFF854C00021FA00072635
:104F2000C0F800C04FF0A043C0E90362C0E90171BE
:104F3000C0E9073141625510540081625201C162DB
:104F4000C0E90D21C163016441648164C1640165EC
:104F500041658165C0E90554FEF7A4FD002803D032
:104F6000BDE8F041FCF7E8BBBDE8F0810038004047
:104F7000040100201848002110B5164C0C224FF4F3
:104F8000E1330460C0E90131C160C0E9041281610C
:104F9000C161016241628162FFF7D6FB08B1FCF793
:104FA000CBFB0D480021FFF7D8F908B1FCF7C4FB93
:104FB00009480021FFF7ABF908B1FCF7BDFB064833
:104FC000FFF783F9002803D0BDE81040FCF7B4BB1D
:104FD00010BD0000005000408C0100201848002146
:104FE00010B5164C0C224FF4E1330460C0E90131D6
:104FF000C160C0E904128161C161016241628162E4
:10500000FFF7A2FB08B1FCF797FB0D480021FFF763
:10501000A4F908B1FCF790FB09480021FFF777F9E4
:1050200008B1FCF789FB0648FFF74FF9002803D0C9
:10503000BDE81040FCF780BB10BD000000780040C8
:10504000200200201848002110B5164C0C224FF405
:10505000E1330460C0E90131C160C0E9041281613B
:10506000C161016241628162FFF76EFB08B1FCF72A
:1050700063FB0D480021FFF770F908B1FCF75CFBFA
:1050800009480021FFF743F908B1FCF755FB064832
:10509000FFF71BF9002803D0BDE81040FCF74CBB1C
:1050A00010BD000000100140B4020020FEE7FEE742
:1050B0007CB54FF4FA751446104A2B4600F018FAE6
:1050C0000E48294602F0C8FF0C48FCF775FB0C4857
:1050D0001422CDE90004192104F52035A0F5006360
:1050E000084800F017F808480A22CDE90005A0F5A5
:1050F00000630648114600F00DF87CBD00DF052472
:10510000B0BD0008D0E60524B0CD0008A0EE05240F
:10511000704700002DE9FF4F85B09B4614460D46B1
:105120004FF000085F480599002708EB48020391FB
:10513000C2EBC81100EB011A16E0002610E000BF18
:1051400007FB006900963B46CDE9015403984246AF
:105150005946FCF78BFA0AEB8900761C80ED000AB1
:10516000A6422046ECDB7F1CAF42E6DB08F10108DB
:10517000B8F1080FD6DB4FF0000B002030E000271D
:105180002AE000BF0BEB4B024648C2EBCB114FF0BD
:1051900000084646039100EB011A0097CDE901543F
:1051A000129950464B463246FCF760FAB5EEC00AFB
:1051B000F1EE10FA04DD0120B040404400F0FF0899
:1051C000761C082EE9DB0398374909FB041107EB2D
:1051D00080027F1C01F80280A742D3DB09F10100A5
:1051E000A8428146CBDB0BF1010BBBF1080FC4DBFE
:1051F00004204FF0000B0090E81FDE4603900021D2
:1052000044E0E01F029000203BE000BF139A0EEB49
:105210004E03C3EBCE17814602EB8B0A224A9FED69
:10522000230A02EB87022646019200220AEB820340
:10523000521CFF2A83ED000AF8DD0023CF1800225C
:10524000B7EE000AAF4209EB020C0FDAB4450DDAF3
:1052500007FB06CCDDF8048018F80CC00AEB8C0CB8
:10526000DCED000A70EE800ACCED000A521C072A21
:10527000E8DB5B1C072BE1DB009A0BF5807B09EB7D
:105280000200029A9042C1DD0098014403988142D5
:10529000B7DD0EF1010EBEF1080FB0DB09B0BDE8BD
:1052A000F08F000030F00524B02E0624000000002E
:1052B0002DE9F047454D044689464FF0000A28681D
:1052C000C04380070AD0414E283E306820F08060FD
:1052D0003060FCF7C7FF0746B04608E00120BDE894
:1052E000F08700BFFCF7BEFFC01B022867D8D8F8C4
:1052F00000000001F6D4206829684FF4FE0721F46D
:105300007C313E0241EA00302860207AA389B4F85B
:1053100004C040022D4D2D495B1E227CACF1010CD6
:105320001035091DA0F5007080B2521ECCF3080C98
:1053300007EA034340EA0C00184306EA02621043FE
:1053400028600868626920F0C000104308600A689D
:10535000A06922F0200202430A60281D0A6822F098
:1053600010020A6002684FF6F873E4699A4342EA51
:10537000C40202600868B9F1000F40F010020A6030
:1053800011D00868B9F1010F11D040F40010086085
:10539000D8F80000444640F08060C8F80000FCF7F0
:1053A00061FF05460DE0086840F40020EFE740F497
:1053B0008010ECE7FCF756FF401B022801D90320C0
:1053C0008DE720680001F5D5504688E7284402584B
:1053D0002DE9F047454D044689464FF0000A2868FC
:1053E000C04380070AD0414E283E306820F08050EC
:1053F0003060FCF737FF0746B04608E00120BDE803
:10540000F08700BFFCF72EFFC01B022867D8D8F832
:1054100000008000F6D4208829684FF4FE0721F0B0
:105420007C713E0241EA00502860207AA389B4F8DA
:1054300004C040022D4D2D495B1E227CACF1010CB5
:105440001835091DA0F5007080B2521ECCF3080C6F
:1054500007EA034340EA0C00184306EA02621043DD
:1054600028600868626920F44060104308600A6898
:10547000A06922F4007202430A60281D0A6822F41F
:1054800080720A6002684FF6F873E4699A4342EA50
:10549000C40202600868B9F1000F40F480720A602B
:1054A00011D00868B9F1010F11D040F08070086088
:1054B000D8F80000444640F08050C8F80000FCF7DF
:1054C000D1FE05460DE0086840F48000EFE740F4A7
:1054D0000000ECE7FCF7C6FE401B022801D90320C0
:1054E0008DE720688000F5D5504688E728440258AB
:1054F000F0B5994210D100210BE000BF50F82140D7
:1055000002EB8105491C00EE104AB8EEC00A85ED99
:10551000000A9942F2DBF0BD4C1E5D1E00EE104AFF
:1055200000EE905A0025B8EEC00AF8EEE00A80EED0
:10553000201A2AE000EE105AB8EEC00A60EE010A06
:10554000BDEEE00A10EE106A741C8C4200DB4C1EAB
:1055500000EE106A50F8247050F8264002EB8506E1
:10556000B8EEC02A01EE907A00EE104A6D1C70EE83
:10557000C20AF8EEE11AB8EEC02AB8EEC00A71EE1F
:10558000C21A00EEA10A86ED000A9D42D2DBF0BDF0
:10559000B0F80021B0F802319A4201D101207047E1
:1055A000B0F80221825C0A70B0F80211491CC9B23D
:1055B000A0F802110020704770B516460C4605464B
:1055C00000F01DF8A04201D8012070BDB5F802011D
:1055D0002044C0B2285C3070002070BDB0F80021BB
:1055E000B0F80231521CD2B2934201D1012070476F
:1055F000B0F80031C154A0F8002100207047B0F885
:105600000011B0F80201081AC0B270477CB541F62B
:10561000FF74FCF77FF80025FF2000F08DFB6D1C68
:105620000A2DF9DB00F0ACFA00208DF804004021CF
:105630008DF800108DF8010095228DF802000621EA
:105640008DF8030068468DF8052000F067FB00F038
:105650004FFB012806D0641E00F04AFB012801D050
:10566000002CF8D1FCF756F8FF2000F065FB02494A
:10567000012048707CBD00002000002010B56FF0B4
:105680007F4400BF00F034FB641EFF2801D0002CD3
:10569000F8DC10BD70B56FF07F450E46044600BFC4
:1056A00000F026FB6D1EFF2803D0FE2804D000204A
:1056B00070BD002DF4DCFAE72546641C00F018FBF1
:1056C000761E2870F8D200F013FB00F011FB0120C9
:1056D00070BD000070B50C460546FFF7CFFFFF28F0
:1056E00001D0FF2070BD284600F026FB200E00F000
:1056F00023FBC4F3074000F01FFBC4F3072000F0B6
:105700001BFBE0B200F018FB402D07D0482D07D05E
:10571000012000F011FB4C2D06D007E0952000E0A1
:10572000872000F009FB01E000F0E2FA5FF00A04D4
:1057300000F0DEFA0106D5D5641E14F0FF04F7D19F
:1057400070BD70B500240E460546FFF797FFFF2891
:1057500020D1304600F0F0FAFD2E17D04FF4007142
:10576000284600F0DBFA00F0C3FA00F0C1FA00F0BE
:10577000BFFA054600F01F00052803D0641CE4B200
:10578000402CF4D900F0B4FA0028FBD005F01F003B
:10579000052801D0002070BD012070BD2DE9F8431F
:1057A00010B10120BDE8F883DFF8248198F80000EB
:1057B000800702D598F80000F4E7FFF727FF00F014
:1057C000DFF9002540202946FFF784FF01286DD12D
:1057D000404C48204FF4D571FFF77CFF01280DD0D5
:1057E00000217720FFF776FF012840D800216920AB
:1057F000FFF770FF01283AD802253FE000266F46E8
:1058000000F076FA711CB855CEB2042EF8D39DF88C
:10581000020001284AD19DF80300AA2846D1460774
:1058200000217720FFF756FF012804D86920314670
:10583000FFF750FF18B1641E002CF1DC36E0002C9D
:1058400034DD00217A20FFF745FF78BB5FF00004CC
:1058500000F04EFA611C3855CCB2042CF8D39DF8F8
:105860000000400601D50C2520E004251EE001259E
:1058700001E0022D02D00021412007E00021772025
:10588000FFF728FF012804D800216920FFF722FF35
:1058900018B1641E002CECDC07E0002C05DD502064
:1058A0004FF40071FFF716FF00B10025444688F859
:1058B0000250FBF72FFF00F01BFA25B1207820F0F3
:1058C0000100207001E00020607020786AE700008D
:1058D00020000020FFFF0F007FB515460E4610B1D7
:1058E000042004B070BD4D48052E4FF0010404D0D3
:1058F0000078C00715D00320F3E7297829B10129E2
:1059000007D0022909D0042485E0002141700C460B
:1059100081E0FFF77BFE00247DE04078002450709A
:1059200079E000F02DF90B2E52D005DCEEB3012EFC
:1059300007D0022E6AD141E00C2E4CD00D2E65D13D
:1059400055E000214920FFF7C5FE78BB10216846CD
:10595000FFF7A0FE50B39DF800100120B0EB911F9F
:1059600009D19DF808209DF8091000EB0220084499
:105970000004800920E09DF805009DF80A409DF88C
:10598000091000F00F069DF808309DF8070001F09F
:1059900003019DF8062006EBD4149B0904EB41019A
:1059A00003EB800002F0030201E00CE02FE000EBCB
:1059B0008220401CC91F8840286016E000244FF454
:1059C0000070288023E0FFF759FEFF280DD01EE06D
:1059D0000021492001E000214A20FFF77BFEB0B9F9
:1059E00010212846FFF756FE88B100240FE0002161
:1059F0007A20FFF76FFE48B95FF0000400F078F9F5
:105A0000641CE4B2042C05F8010BF7D30424FBF763
:105A100081FE00F06DF9204663E7000020000020C1
:105A20002DE9F0411C4615460E4638B934B12148DF
:105A30000178C90704D00320BDE8F0810420FBE70A
:105A40008078400700D4550200F09AF8012C2946CE
:105A50004FF4007704D05220FFF73CFE70B11AE0FB
:105A60005120FFF737FEE0B939463046FFF712FE06
:105A7000B8B1FBF74FFE00F03BF918E0394630466D
:105A8000FFF708FE18B1641E06F50076F6D1002176
:105A90004C20FFF71FFEFBF73DFE00F029F924B96B
:105AA00005E0FBF737FE00F023F90120C4E70020F2
:105AB000C2E700002000002008B101207047014823
:105AC00000787047200000202DE9F0411C46164662
:105AD0000F4638B934B1294D2878C00704D00320C7
:105AE000BDE8F0810420FBE72878400701D50220BB
:105AF000F6E7A878400700D4560200F041F8012CE0
:105B000010D0A878800707D500217720FFF7E2FDA5
:105B100057202146FFF7DEFD59203146FFF7DAFD19
:105B200078B11CE058203146FFF7D4FDF0B9FE21D2
:105B30003846FFF706FEC8B1FBF7ECFD00F0D8F8D9
:105B400019E0FC213846FFF7FCFD18B1641E07F58B
:105B50000077F6D1FD210020FFF7F3FD30B1FBF710
:105B6000D9FD00F0C5F834B10120B9E7FBF7D2FD4B
:105B700000F0BEF8F8E70020B2E7000020000020A7
:105B800005480022082110B5FCF760FBBDE8104075
:105B90000120FCF71FBA00000008025810B5026887
:105BA00040F26F335169946944F0080494610268CB
:105BB000946944F0100494610268146824F00104AC
:105BC0001460026814699C4314610268936823F4AA
:105BD0004043936090F88120042A0CD08A060AD5AD
:105BE000D0F8842042F08002C0F8842002689369D3
:105BF00043F02003936190F88120032A0CD04A06D9
:105C00000AD5D0F8842042F00402C0F8842002684B
:105C1000936943F0400393618A050AD5D0F8842044
:105C200042F00102C0F884200268936943F40073D3
:105C30009361C9050AD5D0F8841041F00801C0F875
:105C4000841001688A6942F480728A610021A0F898
:105C50006210A0F86A1010BD00B587B01421684624
:105C6000FAF7A7FB1648016841F0080101600168D6
:105C700001F008010591016841F00101016001682E
:105C800001F001010591016841F002010160016824
:105C900001F002010591016841F004010160006812
:105CA0000121002200F004000590042002238DE869
:105CB0000F0004486946FCF7B3F907B0002000BDA7
:105CC000E04402580000025803B583B000210A22C4
:105CD00001238DF8041004A9009201AAFEF73EF9F1
:105CE00010B1002005B000BD9DF80400FAE70000E7
:105CF0000EB50948FF218DF8041000684169890735
:105D0000FCD5642000900448012302AA01A9FEF7F3
:105D100025F99DF808000EBD04010020054A12680F
:105D200053699B07FCD50A46014602486423FDF7E8
:105D3000F9BF00000401002001B506480068416970
:105D40008907FCD50348642301226946FDF7EAFF71
:105D500008BD0000040100202DE9F0411C46164654
:105D60000D460746DDF818800AE000BFFCF77AFA16
:105D7000A0EB0800A04202D3601C01D00BE054B19C
:105D80003868406935EA000007D00020B042EDD005
:105D90000020BDE8F0810320FBE70120F6E7704713
:105DA000FCF766BA70B59CB04C216846FAF701FB67
:105DB000202113A8FAF7FDFA0220FCF74BFB21483B
:105DC00000242149026842F44042026002680A68E5
:105DD00042F001020A60096801F001011B910168AB
:105DE0008904FCD5022000904025049501210391EF
:105DF00004220B923C23CDE90904CDE90C300FAB12
:105E000005260E960C2183E8130068461294FDF7D0
:105E100087FB08B172B6FEE708221A95CDE9162570
:105E2000D30113AA3F200321CDE9185382E81300C0
:105E3000042113A8FDF764F9002801D072B6FEE72B
:105E40001CB070BD184802582C0400583348F0B5F7
:105E5000334A016841F470010160106800F00F00DE
:105E6000072804D2106820F00F00C01D10602D49D3
:105E700000202C4C10340B682B4D43F001030B60B9
:105E800020600B682B400B60136803F00F03072B97
:105E900004D9136823F00F03DB1D1360214C234A40
:105EA0001834234B261D371D20601E4C214D2834ED
:105EB0003060261D3860371D23603B1D35601C1D7A
:105EC0003A60251D2E1D1860331D22602860326047
:105ED00018600A68134B184C22F4802260330A6061
:105EE000186020686FF30F00B0F1005F03D2134910
:105EF0000120C1F808010B48D4300168C9040BD453
:105F0000026843F2D2010E4B42F4805202601960E3
:105F1000016821F480510160F0BD000088ED00E0CF
:105F200000200052004402587FEDF6EA8002010191
:105F3000000202020000FF010010005C008000511E
:105F4000004000522DE9F0472DED028BACB0044625
:105F500001A815466FA20E4640214FF0000A2346C5
:105F600002F03AF9402123466CA211A802F034F95C
:105F70009FED6D0A6DA021468DED210AFBF7ACFB6C
:105F80000020734B2AA90091642229462A903046AA
:105F9000FBF7E2FB78B12A996EA0FBF79DFB754AEF
:105FA000FA216B48FFF784F87448012272A103F0CC
:105FB0001DFF10B136E072A0A8E07C48012211A9B3
:105FC00003F040FF98B9202122A8FAF7F2F97748A8
:105FD0001F2222A96B4604F084F8744803F0C2FD26
:105FE000009820B121AA72A122A8FAF70DFA2198EF
:105FF000FAF75EFD41EC100B6E48214653EC102B76
:10600000FBF76AFB6948012201A903F01BFF002886
:1060100019D001A968A0FBF75FFB00224BA1104635
:1060200003F0E4FE042251466DA0FBF755FBBAF1E4
:10603000040F6ADD73A0FBF74FFB01202CB0BDEC11
:10604000028BBDE8F08700244FF428374FF4007826
:106050004FF4283004FB00F55448294603F0A7FD0F
:10606000020005D0611C2B466DA0FBF735FB1AE042
:1060700077483E46814601E0464501D9454600E065
:1060800035460146494822AB2A4604F02AF8020068
:1060900002D12298A8420AD0B81B229B611C009012
:1060A0006CA0FBF719FB414803F05CFD29E009EB0C
:1060B0000500761B8146DFD12E494FF42842644803
:1060C000FBF710FAB0EE408A18EE100AFAF7F0FC6F
:1060D00041EC110B611C53EC112B6CA0FBF7FCFA8B
:1060E0009DED210AB4EEC08AF1EE10FA03D80AF150
:1060F000010A6EA000E070A0FBF7EEFA641C0A2C07
:10610000A6DB2A4803F02EFD87E76DA0FBF7E4FA33
:10611000002093E725732E444154000025735F430C
:1061200046472E5458540000000048450D0A2D2DB6
:106130002D2041757468656E7469636174696F6E52
:106140003A205B25735D202D2D2D0D0A00000000E7
:10615000788B00243E3E20522D7065616B20616C6F
:1061600069676E656420286964783A202564290D82
:106170000A000000608F0024303A000080050024EF
:106180003E3E3E2041757468204641494C45443AA4
:10619000206E6F2076616C696420522D7065616B92
:1061A00020666F756E642E0D0A000000B81500247D
:1061B00025660000B4DA00083E3E3E204552524FAC
:1061C000523A2074656D706C617465205B25735D57
:1061D000206E6F7420666F756E64210D0A000000DA
:1061E0003E3E3E20566F7465733A2025642F313051
:1061F00020287468726573686F6C643A203E256469
:10620000290D0A005B524553554C545D3A204155C7
:10621000544820535543434553532E0D0A00000064
:106220003E3E2054656D706C617465202564206C61
:106230007365656B204641494C3A2066723D256482
:1062400020617420706F733D256C750D0A0000008D
:10625000602F03243E3E2054656D706C6174652090
:1062600025642072656164206661696C3A206672FB
:106270003D25642C2062723D256C75206174206F71
:1062800066667365743D256C750D0A0054656D7006
:106290006C617465205B25642F31305D2064697307
:1062A000743A20252E3166202D3E20005041535354
:1062B00020282B31290D0A004641494C0D0A0000C7
:1062C0005B524553554C545D3A2041555448204645
:1062D00041494C45442E0D0A000000002DE9F74FBE
:1062E0002DED028BBCB09246012740213E9B94A22B
:1062F0002AA801F071FF3E9B402193A202A801F061
:106300006BFF3E9B402193A21AA801F065FF9FED11
:10631000948A3E9993A0FBF7DFF99B48012299A14B
:1063200003F064FD00287DD198480A222AA903F0D1
:1063300089FD002877D1002516956422AB464FF4DD
:106340000078934B13A93F98CDF84CB0009151467B
:10635000FBF702FA38B38F4AFA218D48FEF7A8FE00
:10636000002D25D08B494FF4284201F52830FBF74A
:10637000B9F8F0EE408A18EE900AFAF799FB41EC72
:10638000100B691C53EC102B83A0FBF7A5F9F4EE5E
:10639000C88AF1EE10FA01DDB0EE688A7D484FF44C
:1063A000283681460EE08AA02946FBF795F92DE0B4
:1063B00078494FF4283201F52830F9F7E1FFEDE78D
:1063C000464501D9444600E0344601466F4814ABC7
:1063D000224603F0F6FF10B91498A04201D000271E
:1063E00014E009EB0400361B8146E9D1674803F04D
:1063F00052FF139A691C81A0FBF76EF916986D1C69
:10640000139A401C169096320A289ADB5F4803F0D4
:10641000A9FB18B183A0FBF75FF9002700228FA129
:10642000104601E087E05CE003F0E0FC5648012202
:1064300054A103F0DBFC002F5AD00A2D03D088A012
:10644000FBF74AF94DE03E998CA0FBF745F99FED2B
:10645000960A964968EE008A18EE900A884201DA98
:10646000DFED938A93A0FBF737F918EE100AFAF7DD
:106470001FFB41EC100B99A053EC102BFBF72CF9F0
:106480009FEDA10BA2A053EC102BFBF725F918EE02
:10649000900AFAF70DFB41EC100B3E99A5A053ECC6
:1064A000102BFBF719F939480A221AA903F0CAFC84
:1064B000B8B918EE900AFAF7FBFACDE900012021ED
:1064C000A7A212A801F088FE3AAB02462F4812A9F3
:1064D00003F077FF2D4803F045FB1AA9A2A0FBF7B4
:1064E000FBF82A480A2202A903F0ACFC20B11DE007
:1064F0005BA0FBF7F1F819E000240EE03F982021A3
:10650000A1A250F8243012A801F066FE01AB0246A9
:106510001E4812A903F055FF641C5445EED31B48D6
:1065200003F020FB02A99AA0FBF7D6F800224BA1AA
:10653000104603F05BFC3CB0BDEC028BBDE8FE8F67
:1065400025732E444154000025735F5241572E5449
:106550005854000025735F4346472E54585400009A
:10656000000000000D0A2D2D2D20526567697374FF
:10657000726174696F6E3A205B25735D202D2D2D3D
:106580000D0A0000303A000080050024B8150024F0
:10659000788B0024608F002420207C2D20E7ACAC79
:1065A00020256420E7BB84E4B88EE59FBAE58786A2
:1065B000E5BF83E8B7B3E79A84E7A9BAE997B4E8F7
:1065C000B79DE7A6BB3A20252E31660D0A000000D4
:1065D0005761726E696E673A206F6E6C7920256420
:1065E0002F31302074656D706C617465732065782F
:1065F000747261637465640D0A0000003E3E2054AD
:10660000656D706C617465205B25642F31305D2091
:10661000646F6E652028522D6964783A20256429BC
:106620000D0A00003E3E3E205741524E494E473A29
:1066300020665F636C6F7365206661696C65642CAE
:106640002066696C65206D617920626520696E63E2
:106650006F6D706C657465210D0A0000000000000C
:106660003E3E3E20526567697374726174696F6E55
:10667000204641494C4544210D0A00003E3E3E2043
:10668000526567697374726174696F6E2053554304
:10669000434553533A2025732E4441542073617669
:1066A00065642E0D0A0000006666A63F0000FA44ED
:1066B0000000FA440D0A3D3D3D20E4B893E5B19E4B
:1066C000E58AA8E68081E997A8E99990E58886E6B9
:1066D0009E90203D3D3D0D0A0000000020207C2DB5
:1066E00020E794A8E688B7E69C80E5A4A7E5BF83E9
:1066F000E8B7B3E58F98E5BC82E8B79DE7A6BB3A5B
:1067000020252E31660D0A00000000C0CCCCF43FDD
:1067100020207C2D20E5AEBDE5AEB9E7B3BBE69504
:10672000B0E5808DE78E873A20252E3166780D0AF8
:106730000000000020207C2D20E887AAE58AA8E739
:10674000949FE68890205B25735D20E4B893E5B1C3
:106750009EE997A8E999903A20252E31660D0A0006
:10676000252E31660A0000003E3E3E20E4B893E547
:10677000B19EE997A8E99990E5B7B2E5AD98E585AE
:10678000A52025730D0A000025640D0A00000000F5
:106790003E3E3E20526177206461746120736176D1
:1067A000656420746F2025730D0A0000F0B5634CFA
:1067B00000200A25EDB0617807296CD003DC31B1E7
:1067C000062902D117E0082964D0207010E05CA0EF
:1067D000FAF782FF6648012264A103F007FB30B993
:1067E00064A0FEF7A7F947F27770FEF7BFF906201D
:1067F00060706DB0F0BD002561A160A803F030FCB1
:10680000002834D15FA0FAF767FF0DF11E0602A938
:1068100060A803F020FD30BB9DF81E0018B32E21A8
:106820003046F9F7E6FD0700F1D05EA1F9F7D3FD98
:106830000028ECD102A83F1A163F3F2F00D93F276E
:1068400032465AA03946FAF747FF6D1CEDB2602177
:106850002B46CDE9007659A248A801F0BDFC48A816
:10686000FEF768F9D3E760A803F090F915B958A0CE
:10687000FAF732FF5EA02946FAF72EFF63A0FAF777
:106880002BFFFBF7EFFC41F288321044A060082197
:106890006170AEE700E01AE06AA0FAF71DFFFBF7AF
:1068A000E1FCA168884203D371A0FAF715FF31E03B
:1068B0007C4801F085FB20B17B4801F081FB00287A
:1068C00097D17A497AA0FAF707FF072090E7774B2C
:1068D000402180A2684601F07FFC744B40217FA2DA
:1068E00010A801F079FC714B40217FA220A801F093
:1068F00073FC20AB694610AA7EA0FAF7EDFE1C4897
:1069000001221AA103F072FA30B1684984A000BFD5
:10691000FAF7E2FE65706CE7684603F003FD10A825
:1069200003F000FD20A803F0FDFC002214A1104696
:1069300003F05CFA5D4987A0EAE70000140000203C
:106940005B484D495D202020E8AFBBE58F9653445E
:10695000E58DA1E68980E69C89E794A8E688B7E5FD
:106960008897E8A1A82E2E2E0D0A0000303A0000CC
:1069700080050024706167652075736572000000F2
:10698000000000005B484D495D2020205344E58D08
:10699000A1E794A8E688B7E58897E8A1A83A0D0A88
:1069A000000000002E444154000000002020202060
:1069B0002D20252E2A730D0A0000000075736572C4
:1069C0002E7425642E7478743D22252E2A7322009D
:1069D0005B484D495D20202028E69A82E697A0E694
:1069E000B3A8E5868CE794A8E688B7290D0A0000CD
:1069F0005B484D495D202020E585B120256420E4D9
:106A0000B8AAE794A8E688B75C720A005B484D49CB
:106A10005D202020E8AFB7E59CA8E4B8B2E58FA3DD
:106A2000E5B18FE4B88AE98089E68BA9E8A681E51B
:106A300088A0E999A4E79A84E794A8E688B70D0AA4
:106A4000000000005B484D495D202020E7AD89E54E
:106A5000BE85E98089E68BA9E8A681E588A0E99949
:106A6000A4E79A84E794A8E688B72E2E2E0D0A0094
:106A70005B484D495D202020E794A8E688B7E9806F
:106A800089E68BA9E8B685E697B6EFBC8CE98080ED
:106A9000E587BAE794A8E688B7E7AEA1E790865CF9
:106AA000720A0000480300204C040020500500201A
:106AB0005B484D495D202020E58786E5A487E58871
:106AC000A0E999A4E794A8E688B73A2025730D0AAF
:106AD0000000000025732E444154000025735F52CE
:106AE00041572E545854000025735F4346472E5497
:106AF000585400005B484D495D202020E588A0E9FE
:106B000099A4E794A8E688B7E69687E4BBB63A204E
:106B100025732C2025732C2025730D0A00000000FE
:106B20005B484D495D2020205344E58DA1E68C82D1
:106B3000E8BDBDE5A4B1E8B4A5EFBC8CE697A0E63E
:106B4000B395E588A0E999A4E794A8E688B720253D
:106B5000730D0A005B484D495D202020E794A8E6AC
:106B600088B720257320E5B7B2E588A0E999A45C31
:106B7000720A00002DE9F047042812D00020384C9A
:106B80008146384F384E002541F2883860780B280E
:106B900062D2DFE800F0081D2639614761610D51BE
:106BA0005E000120EBE731A0FAF796FD08204EE0E9
:106BB000374801F005FA20B1364801F001FA002803
:106BC00020D1354935A04A46FAF786FD01203EE03E
:106BD0003BA0FAF781FD02203D6044490D60307012
:106BE00035E043A0FDF7A6FF41F21110FDF7BEFF0F
:106BF00042A0FAF771FDFBF735FB00F5FA60A060E3
:106C000003216170BDE8F08702F004FF30780228AC
:106C1000F8D139684145F5D335703FA0FAF75CFDEE
:106C2000052014E047A0FAF757FD514942461A489B
:106C3000FFF754FB09200AE04EA0FDF77BFF45F269
:106C40005550FDF793FF4EA0FAF746FD0A206070FD
:106C5000D8E754A0FAF740FD25706570D2E7000030
:106C6000140000202C000020240000205B484D4927
:106C70005D202020E7AD89E5BE85E68EA5E694B6C9
:106C8000E794A8E688B7E5908D2E2E2E0D0A000019
:106C9000480300204C040020500500205B484D496B
:106CA0005D202020E794A8E688B7E5908D3A20255E
:106CB000732C20E69D83E999903A2025640D0A0003
:106CC0005B484D495D205374617274207265676939
:106CD0007374726174696F6E20636F6C6C6563743A
:106CE000696F6E2E2E2E0D0A00000000300000206D
:106CF0007061676520776176650000005B484D49EB
:106D00005D202020E58F91E98081207061676520FA
:106D1000776176650D0A00005B484D495D2052653C
:106D200067697374726174696F6E20646174612045
:106D3000636F6C6C656374696F6E20646F6E652E33
:106D40000D0A00005B484D495D2057726974696EF9
:106D50006720726567697374726174696F6E2074FD
:106D60006F20534420636172642E2E2E0D0A0000A2
:106D7000E82500247061676520725F7300000000E1
:106D80005B484D495D202020E6B3A8E5868CE68867
:106D900090E58A9F202D3E207061676520725F73A9
:106DA0000D0A00005B484D495D202020E6A8A1E6C1
:106DB0008B9F3A20454347E5819CE6ADA2E9878752
:106DC000E99B860D0A000000F0B5394C0A26002523
:106DD000D3B0607820B1062812D00A2864D159E0D7
:106DE00034A0FAF779FC3E4801223CA102F0FEFFF4
:106DF00010B101463BA029E00620607053B0F0BD01
:106E000035A146A803F02CF9F0B93DA0FAF764FCCF
:106E10000DF11607694646A803F01DFA88B99DF8DA
:106E2000160070B12E213846F9F7E3FA0028F1D0A8
:106E30009DF80800C006EDD49DF81600462809D03C
:106E400013E046A802F0A2FE34A02946FAF744FC5B
:106E50006670D3E79DF81700582806D19DF81800F2
:106E600068B12E280BD05F2809D0384603F05AFAB3
:106E70000200394608D037A0FAF72EFCCAE73EA038
:106E80003946FAF729FCC5E742A0FAF725FC6D1C44
:106E9000EDB2BFE744A0FAF71FFC4CA0FDF74AFE95
:106EA00046F26660FDF762FE25706570A6E7000099
:106EB000140000205B484D495D203D3D3D3D3D2097
:106EC00053595320466F726D61742053746172740C
:106ED000203D3D3D3D3D0D0A00000000303A0000E0
:106EE000800500245B484D495D205344206D6F753B
:106EF0006E74204641494C45443A2025640D0A00F1
:106F00005B484D495D205363616E6E696E67206614
:106F1000696C65732E2E2E0D0A0000005B484D49EA
:106F20005D20466F726D617420646F6E652C206405
:106F3000656C657465642025642066696C65732ED4
:106F4000204658207072657365727665642E0D0A4E
:106F5000000000005B484D495D2044454C455445C8
:106F6000204641494C3A20257320286572723D2500
:106F700064290D0A000000005B484D495D204B4527
:106F800045503A202573202846582061646D696E6B
:106F9000290D0A005B484D495D2044454C45544548
:106FA0003A2025730D0A00005B484D495D203D3DA8
:106FB0003D3D3D2053595320466F726D617420450D
:106FC0006E64203D3D3D3D3D0D0A000070616765EA
:106FD00020696E697400000070B5114C607818B1BA
:106FE00000250A2818D10FE00EA0FAF775FB40F231
:106FF0000220FDF7BBFDFBF735F941F28832104462
:10700000A0600A21617070BDFBF72CF9A16888426D
:10701000F9D314A0FAF760FB2570657070BD00000D
:10702000140000205B484D495D202020E6A8A1E621
:107030008B9F3A20E59091E5A4A9E997AEE58F9161
:10704000E98081E5BC80E99481E68C87E4BBA42CCF
:1070500020E794B5E7A381E99481E68993E5BC80B4
:107060000D0A00005B484D495D202020E6A8A1E6FE
:107070008B9F3A2035E7A792E588B02C20E794B59E
:10708000E7A381E99481E887AAE58AA8E585B3E9C1
:1070900097AD5C720A0000002DE9F0474C4C0746A2
:1070A000DFF8309100254C4E4FF0010840F2DC5AD9
:1070B00060780B2870D2DFE800F0062D1F3A468872
:1070C00088880B4F850045A0FAF706FB08206FE083
:1070D0004B4800F075FF20B14A4800F071FF0028CE
:1070E00016D1022F06D00022474948A0FAF7F4FA39
:1070F00002205DE00122F7E74DA0FDF71BFD41F204
:107100001110FDF733FD4DA0FAF7E6FA84F801807F
:10711000BDE8F08702F034FCC9F8005052490D6018
:1071200086F8008051A0FAF7D7FA032040E002F079
:1071300071FC30780128EBD1D9F800105145E7D324
:107140000420357034E0544952462F48FEF7FAFEC9
:10715000A07009216170DBE7A07843F23335002885
:1071600028D0022F08D04DA0FDF7E4FC42F22220E7
:10717000FDF7FCFC4CA018E0234854A1F9F72BF9CB
:1071800058B153A0FDF7D6FC2846FDF7EFFC1E4989
:107190005348FAF7A1FA0AE017E052A0FDF7CAFC3B
:1071A00044F24440FDF7E2FC51A0FAF795FA0A20B8
:1071B0006070ADE746A0FDF7BDFC2846FDF7D6FCA4
:1071C00055A0F2E75CA0FAF787FA257065709FE793
:1071D000140000202C000020240000205B484D49B2
:1071E0005D202020E7AD89E5BE85E68EA5E694B654
:1071F000E794A8E688B7E5908D2E2E2E0D0A0000A4
:10720000480300204C040020500500205B484D49F5
:107210005D202020E794A8E688B7E5908D3A2025E8
:10722000732C20E69D83E999903A2025640D0A008D
:10723000706167652077617665000000E58F91E9F0
:1072400080812070616765207761766520E588B070
:10725000E4B8B2E58FA3E5B18FE5928CE5A4A9E986
:1072600097AE5C720A00000030000020E58F91E9C3
:10727000808120E695B0E68DAEE782B920E588B042
:10728000E4B8B2E58FA3E5B18FE5928CE5A4A9E956
:1072900097AE5C720A000000087400247061676594
:1072A00020757365725F7300E794A8E688B7E9AA52
:1072B0008CE8AF81E9809AE8BF87202D3E2070617D
:1072C000676520757365725F730D0A00465800008C
:1072D000706167652064756661756C7400000000FC
:1072E00068DA0008706167652061646D5F73000093
:1072F000E7AEA1E79086E59198E9AA8CE8AF81E92D
:10730000809AE8BF87202D3E207061676520616408
:107310006D5F730D0A000000E9AA8CE8AF81E5A457
:10732000B1E8B4A5202D3E207061676520646566D4
:1073300061756C740D0A0000E6A8A1E68B9F3A20E7
:10734000454347E5819CE6ADA2E98787E99B860D29
:107350000A0000000148FDF729B800008C01002058
:107360000148FDF723B800002002002030B5416E2F
:10737000B9B101680D4B03F108048A688968C2F34A
:107380004262490F5D5C615C2D01B5FBF1F1A0F833
:107390006A10995CA25C0901B1FBF2F1A0F86810D7
:1073A00030BD0121A0F86A10F8E7000086B100089E
:1073B00090F82810090706D50168836B4A6822F403
:1073C00000421A434A6090F82810C90706D00168A5
:1073D000C36A4A6822F400321A434A6090F82810BF
:1073E000890706D50168036B4A6822F480321A4384
:1073F0004A6090F82810490706D50168436B4A682F
:1074000022F480221A434A6090F82810C90606D553
:107410000168C36B8A6822F480521A438A6090F82C
:107420002810890606D50168036C8A6822F4005288
:107430001A438A6090F82810490611D50168436CF8
:107440004A6822F480121A434A60416CB1F5801FE9
:1074500006D10168836C4A6822F4C0021A434A606C
:1074600090F82810090606D50168C26C486820F417
:1074700000201043486070472DE9F843002504467A
:10748000C0F89050FAF7EEFE8046206820266FF094
:107490007E470068000713D500224346310420468A
:1074A000009700F037FD58B1216851E8000F20F037
:1074B000800041E80002002AF6D1C4F8886021E08B
:1074C00020680068400722D5002243464FF480011F
:1074D0002046009700F01EFDC8B1206850E8001F4C
:1074E00021F4907140E80012002AF6D1206808309B
:1074F00050E8001F21F0010140E80012002AF5D1F8
:10750000C4F88C60032084F88450BDE8F883C4F884
:107510008860C4F88C60E5662567002084F8845094
:10752000F3E710B5806B0021A0F85E10FCF73DFF7B
:1075300010BD000010B5026852E8001F21F49071E0
:1075400042E80013002BF6D10E4B0268083252E8D5
:10755000001F194042E80014002CF6D1C16E012929
:1075600008D1026852E8001F21F0100142E8001320
:10757000002BF6D100212022C0F88C20C166416783
:1075800010BD0000FEFFFFEF10B5D0F88C10B0F872
:1075900060202229016804D0886940F008008861D1
:1075A00010BD496A836D11401980816D891C816508
:1075B000B0F85E10491EA0F85E10B0F85E10002909
:1075C000EED1016851E8002F22F4907241E80023C7
:1075D000002BF6D10168083151E8002F22F001029A
:1075E00041E80023002BF5D1184B0021026820242C
:1075F000C0F88C40416701679A420BD05268120272
:1076000008D5036853E8002F22F0806243E8002485
:10761000002CF6D1C26E012A02D0FDF7A3F910BDED
:10762000C166026852E8001F21F0100142E8001311
:10763000002BF6D10168CA69D243D20601D41022C8
:107640000A62B0F85C10FCF760FE10BD000C005838
:107650002DE9F04704460068C569D0F800A0D0F8CD
:107660000890D4F88C10B4F86060222905D08169A4
:1076700041F008018161BDE8F087B4F868704FF00F
:10768000000844E02068A16D406A30400880A06D89
:10769000801CA065B4F85E00401EA4F85E0020685F
:1076A000C569690730D0E9070AD05FEACA5107D532
:1076B00001210162D4F8900040F00100C4F890006C
:1076C000A8070BD55FEAC97008D0216802200862BC
:1076D000D4F8900040F00400C4F8900068070BD57F
:1076E0005FEAC97008D0216804200862D4F89000CD
:1076F00040F00200C4F89000D4F8900020B1204679
:10770000FCF753FEC4F89080B4F85E0000B30FB1EC
:10771000A806B7D4B4F85E000028ACD0B4F868105E
:107720008142A8D92068083050E8001F21F080511C
:1077300040E80012002AF5D12A486067216851E824
:10774000000F40F0200041E80002002AF6D192E745
:10775000216851E8000F20F4807041E80002002AFF
:10776000F6D1214A2068083050E8001F114040E857
:107770000013002BF6D11D4A202321684046C4F88F
:107780008C30C4F87480C4F8708091420BD0496882
:10779000090208D5226852E8001F21F0806142E802
:1077A0000013002BF6D1E16E012903D02046FDF72E
:1077B000D9F8AFE7E066216851E8000F20F010002B
:1077C00041E80002002AF6D12068C169C943C90610
:1077D00001D410210162B4F85C102046FCF795FD3D
:1077E00098E7000089750008FEFFFFEF000C0058C5
:1077F00010B5D0F88C10B0F860202229016804D0B0
:10780000886940F00800886110BD496A836D1140A5
:107810001970816D491C8165B0F85E10491EA0F891
:107820005E10B0F85E100029EED1026852E8001F29
:1078300021F4907142E80013002BF6D10168083161
:1078400051E8002F22F0010241E80023002BF5D17E
:10785000184B002102682024C0F88C404167016762
:107860009A420BD05268120208D5026852E8003FD3
:1078700023F0806342E80034002CF6D1C26E012A66
:1078800002D0FDF76FF810BDC166026852E8001F14
:1078900021F0100142E80013002BF6D10168CA69FB
:1078A000D243D20601D410220A62B0F85C10FCF771
:1078B0002CFD10BD000C00582DE9F047044600686F
:1078C000C569D0F800A0D0F80890D4F88C10B4F8AE
:1078D0006060222905D0816941F008018161BDE81D
:1078E000F087B4F868704FF0000844E02068A16D9C
:1078F000406A30400870A06D401CA065B4F85E007E
:10790000401EA4F85E002068C569690730D0E90709
:107910000AD05FEACA5107D501210162D4F890006C
:1079200040F00100C4F89000A8070BD55FEAC970C9
:1079300008D0216802200862D4F8900040F00400CA
:10794000C4F8900068070BD55FEAC97008D02168B9
:1079500004200862D4F8900040F00200C4F89000BF
:10796000D4F8900020B12046FCF71FFDC4F89080A9
:10797000B4F85E0000B30FB1A806B7D4B4F85E0047
:107980000028ACD0B4F868108142A8D9206808302B
:1079900050E8001F21F0805140E80012002AF5D184
:1079A0002A486067206850E8001F41F0200140E845
:1079B0000012002AF6D192E7216851E8000F20F466
:1079C000807041E80002002AF6D1214A2068083080
:1079D00050E8001F114040E80013002BF6D11D4A6B
:1079E000202321684046C4F88C30C4F87480C4F861
:1079F000708091420BD04968090208D5226852E88C
:107A0000001F21F0806142E80013002BF6D1E16EE7
:107A1000012903D02046FCF7A5FFAFE7E066206808
:107A200050E8001F21F0100140E80012002AF6D1B2
:107A30002068C169C943C90601D410210162B4F8A4
:107A40005C102046FCF761FC98E70000F177000825
:107A5000FEFFFFEF000C00582DE9F043044680685C
:107A6000D84E87B0D84B2168D4E90427D4F81CC07D
:107A700010430A68002547EA0C07384332400243A6
:107A80000A602068E268416821F440511143416076
:107A90002268A1699A4201D0206A01439768DFF801
:107AA0002CC3CB4ECB4807EA0C070F4397602168E5
:107AB000676ACA6A22F00F023A43CA622268B24277
:107AC0000ED1006800F03800182873D047DCB8B336
:107AD000082879D010286FD178E028287ED17BE063
:107AE000BD498A4209D1006800F00700062875D216
:107AF000DFE800F0546A6C6E7072B8498A4209D1AE
:107B0000006800F00700062868D2DFE800F0475D53
:107B10005F616365B2498A4209D1006800F00700DD
:107B200006285BD2DFE800F03A5052545658AD496F
:107B30008A420BD1006800F0070006284ED200E010
:107B400010E0DFE800F02B4143454749A6498A424F
:107B50000AD1006800F03800182839D0B7DD202895
:107B6000BBD13CE001203AE0A0498A4209D100683B
:107B700000F00700062831D2DFE800F01026282A9E
:107B80002C2E9B498A420BD1006800F00700062882
:107B900024D2DFE800F003191B1D1F2100201EE086
:107BA0009A421BD18B48001D006800F00700062890
:107BB00014D202E00CE007E010E0DFE800F003057B
:107BC00007090B0D02200AE0042008E0082006E067
:107BD000102004E0202002E0402000E080208549C1
:107BE000DFF814829A42854A4FF400434FEA211786
:107BF0004FF000064ED110281AD006DC022809D01A
:107C000004280BD008287CD10DE020283ED0402845
:107C100077D13DE0FAF748FC014610E06846FAF7F4
:107C200055FC01990BE003A8FAF7F2FC049906E071
:107C30001068800605D51068C0F3C100C140002956
:107C400070D0606A676838F8102007EB4703B1FB13
:107C5000F2F0834255D8B0EB073F52D800230846D4
:107C60001946F8F73BFB02467808130E120243EA66
:107C7000012110183A4671410023F8F72FFB604AA2
:107C8000A0F5407191423CD821688FE03946D8E791
:107C90001946D6E7D4F81CC04FF6EF799C4546D17B
:107CA000082819D005DC58B101280CD0042875D15A
:107CB0000DE0102815D0202835D040286ED134E0B2
:107CC000FBF76EFB01E0FBF77DFB014610E0684629
:107CD000FAF7FCFB01990BE003A8FAF799FC049969
:107CE00006E01068800604D51068C0F3C100C140EA
:107CF000C1B1636A606838F81330B1FBF3F1490031
:107D000000E04BE001EB5001B1FBF0F0A0F11001FD
:107D1000494543D84FF6F0732168C0F3420218403A
:107D2000104343E043E03946E3E71946E1E708281A
:107D300019D005DC58B101280CD004282ED10DE053
:107D4000102815D020282BD0402827D12AE0FBF777
:107D500027FB01E0FBF736FB014610E06846FAF727
:107D6000B5FB01990BE003A8FAF752FC049906E071
:107D70001068800604D51068C0F3C100C140B1B1DD
:107D8000636A606838F81330B1FBF3F101EB50011E
:107D9000B1FBF0F0A0F11001494505D9012506E03D
:107DA0003946EDE71946EBE7216880B2C86001204B
:107DB000A4F86A00A4F8680028466667A66707B0BA
:107DC000BDE8F083F369FFCF000C0058FFF4FF110A
:107DD0000010014054440258004400400048004054
:107DE000004C00400050004000140140007800406A
:107DF000007C00400090D0036EB10008004402589F
:107E0000FFFC0F0070B58368002481654FF4805635
:107E1000A0F85C20B342A0F85E204FF0FF01446759
:107E200004D1036903BB40F2FF111DE04FF07F0551
:107E3000C3B1B3F1805F1AD0A0F860402221C0F82E
:107E40009040C0F88C100168083151E8003F43F0C1
:107E5000010341E80034002CF5D1416EB1F1005F1F
:107E60000CD02FE0036933B9A0F86010E6E7016990
:107E700009B13F21F8E7A0F86050DFE7B0F86810DB
:107E800091421FD88168B14201D10169B9B11D4940
:107E90000269416742B1026852E8001F41F48071F3
:107EA00042E80013002BF6D10168083151E8002F99
:107EB00042F0805241E80023002BF5D120E0124926
:107EC0004167F1E78168B14201D1016969B10F49A8
:107ED000026941675AB1016851E8002F42F490727B
:107EE00041E80023002BF6D10AE009494167026806
:107EF00052E8001F41F0200142E80013002BF6D1A8
:107F0000002070BDB978000851760008F1770008AC
:107F1000897500082DE9F047994617460D46044635
:107F2000089E4FF0000833E0701C31D0FAF79AF940
:107F3000A0EB0900B04218D8BEB12068016849071B
:107F400026D5802D24D0402D22D0C169C9430907F0
:107F50000DD4082505622046FFF7ECFAC4F89050CE
:107F6000012084F88480BDE8F0870320FBE7C06926
:107F7000C04300050CD421684FF40060086220461D
:107F8000FFF7D8FA2021C4F8901084F88480ECE739
:107F90002068C06935EA000004D00020B842C3D090
:107FA0000020E0E70120F9E7FDF7F8BBFDF794BCFE
:107FB000FDF736BDFDF780BDFDF786BDFEE700008D
:107FC000F8B5234C0026234D0746E67011E06946BC
:107FD0003846FDF7DDFA9DF800000D2813D00A2879
:107FE00011D0A0F120015F2903D2E1784A1C685426
:107FF000E2703846FDF703FB28B1E0783F28E6D36E
:1080000001E0491EE170E178D9B1681810F8010C5F
:108010002028F6D00020CAB201E0401CC0B2904235
:1080200002D22B5C202BF8D058B1024604E0171A7C
:10803000531CAA5CEA55DAB20B468A42F7D3181AE7
:10804000E070E0782E5408B10020F8BD0120F8BDA2
:10805000140000205005002070B50C4605462DED9B
:10806000048BDFED501A0021B0EE610AF0EE400AF9
:108070000DE000BF02EE101A05EB8100491CB8EEBE
:10808000C22A90ED001A02EE010A71EE200AA14206
:10809000F0DB01EE104AF7EE008AF0EE004AB8EE8F
:1080A000C11AF0EE682AF1EE083AB6EE004A21EE67
:1080B000003A31EE620A51EE242A0021B0EE612A24
:1080C00020EE010ADFED389A9FED389A60EE224AE1
:1080D00020EE040AC4EEA32A00EE603A61EE223AD2
:1080E00040EE403AC3EE232A42EEC00A80EE810AF7
:1080F00021E000BF00EE901A05EB8100F8EEE03AB7
:10810000F0EE400A90ED003A42EEA30A33EE608AA8
:1081100080ED008A38EE022AB4EEE98AF1EE10FA18
:1081200001DDF0EE489AB4EEC98AF1EE10FA01D200
:10813000B0EE489A491CA142DCDB82EE018A0020A5
:1081400009E000BF05EB8001401C91ED000A30EE14
:10815000480A40EE001AA042F4DB81EE810A00F0EA
:1081600029F910EE100A1249884201DAB0EE680AC5
:1081700079EEC90A9FED0F1A002060EE810A30EEF9
:10818000200A0AE005EB8001401CD1ED000A70EEE8
:10819000C80A80EE801A81ED001AA042F2DBBDEC25
:1081A000048B70BD00000000F02374C9F0237449F3
:1081B000BD378635CDCCCC3D0FB4054B10B503A9EA
:1081C000044A029800F0A8FA10BC5DF814FB000005
:1081D0003DA90008740000200FB47CB50C0009AD67
:1081E00001D0611E00E00021CDE90001064B6A4686
:1081F0002946089800F090FA002C02D0009A00213D
:1082000011707CBC5DF814FB1F8E00087CB50C005F
:108210001D461646014601D0601E00E00020CDE953
:108220000010064B6A462946304600F075FA002CCD
:1082300002D0009A002111707CBD00001F8E000842
:10824000090700284FEA116104DB00F1E02080F803
:108250000014704700F00F0000F1E02080F8141DBA
:108260007047000010EE101A08B5444A6846B2EB99
:10827000410F28D94FF0E640B0EB410F94BF0020EA
:108280004FF0FF3000900098002861DB60EE000A9C
:1082900010F0010F45D010F0020FDFED391A9FEDFD
:1082A000391A00EEE11ADFED381A40EE811A21EE9C
:1082B000A01AF0EE400A40EE010A08BFF1EE600A93
:1082C000B0EE600A08BD314B21F0004293423CD928
:1082D00011F0004FDFED2E0A20EE201ADFED2D0AFF
:1082E00019BF31EE601A71EE200A31EE201A71EEDC
:1082F000600ABDEEE01A11EE100A9FED271A00F099
:10830000030000EEC10A9FED251A009000EEC10A9D
:108310009FED231A00EEC10A9FED221A00EEC10A5A
:10832000B1E79FED211A9FED210A10F0020F00EE38
:10833000810A9FED1F1A00EE801AB7EE000A00EEC8
:10834000810A18BFB1EE400A08BD00F05BF89AE759
:1083500010EE100A4000B0F17F4F3CBFB7EE000AAC
:1083600008BD07D14FF0010000F006F9BDE8084054
:1083700000F040B8BDE8084000F039B8B61F927E62
:10838000336D4C39DA82083CA0AA2ABE490E494610
:1083900083F9223F0000004B0000C93F00A0FD39D7
:1083A0000020A2331A61342CB93AB2BACA9F2A3DCE
:1083B000DDFFFFBE10B52DED028BB1EEC08A18EEC9
:1083C000100A20F00040C0F1FF40C00F0AD010EEAC
:1083D000100A20F00040C0F1FF40C00F04BF012090
:1083E00000F0CAF8B0EE480ABDEC028B10BD30EECA
:1083F000000A7047DFED020A80EEA00A7047000015
:10840000000000002DE9F0014FF07F42B2EB410F78
:108410009FBF4FF0FF310160BDE8F00170474FF0A2
:10842000004242EA0123C1F3C752783A551112F0D3
:108430001F0C434CCCF120067C44C1F3C752A2F17F
:1084400078024FEA621204EB820254F8254008BF1A
:10845000D2E9015612D0556804FA0CF425FA06F751
:108460003C43976805FA0CF527FA06F8D26807FA34
:108470000CFCF24045EA08054CEA0206A4FB034C5A
:10848000A5FB0352A6FB03631D449D4234BF012696
:1084900000261319334416B1934202D903E09342E4
:1084A00001D2012200E00022624402F1200C920677
:1084B000DC0C42EA443200EE102A5B03DFED210AB5
:1084C000F8EEC01A00EE103A4FEA9C1C11F0004F73
:1084D000B8EE400AC0F800C020EE201A00EE105A94
:1084E000DFED190AB8EE400A20EE200A71EE810A8B
:1084F00070EE800A10EE902A02F500626FF30B0214
:1085000000EE902A70EEE11A31EEC11ADFED101A7A
:1085100030EE411A9FED0D0A20EE800A01EE210A8D
:108520009FED0C1A00EE810A04BFBDE8F001704710
:10853000CCF180510160BDE8F001B1EE400A704716
:10854000CC550000000000360000802C22AAFD2936
:10855000DB0FC92F0000C92F02E008C8121F08C195
:10856000002AFAD170477047002001E001C1121FB4
:10857000002AFBD1704700000149086070470000E5
:10858000780000202DE9FF5F82B00021DDE9043092
:10859000020DDDF840B0034318D044F61050A2F2AB
:1085A000FF3242431514119801281FD0A5EB0B0090
:1085B000401C5FEA000A4FF000064E4FDFF838918A
:1085C000B046504615D5CAF1000413E011980124B5
:1085D0004AA3012801D16FEA0B010298119AC0E960
:1085E0000031C0E9024206B0BDE8F09FCBF10000C7
:1085F000DFE704460021404A491842EB0450CDE928
:10860000001012E0E00707D032463B46404649469C
:10861000F8F76DF98046894632463B4610461946C2
:10862000F8F765F906460F466410002CEAD1DDE93B
:108630000401DDE90023BAF1000F06DAF8F757F973
:1086400042464B46F8F753F905E0F8F7C2F94246BF
:108650004B46F8F7BEF904460E460022284BF8F7C1
:108660003BFA03D84FF0FF30014607E00022254BCC
:1086700020463146F8F794F8F8F75CFB102409E03F
:10868000002C0ADB0A220023F7F728FE039B303276
:108690001A55641E50EA0102F2D1641C039AC4F117
:1086A00011031444119A012A03D0012208430DD169
:1086B0000AE0084304D000204FF0110B119072E73C
:1086C000A3EB0B056D1E0DE05B4504DD4FF00002D2
:1086D00005F1010504E003DA4FF00002A5F1010500
:1086E000002AECD002981199C0E90231C0E9004596
:1086F00079E70000000014400000F03F3000000067
:108700000000F0430000E03F30380A2801D2012089
:1087100070470020704700002DE9FF4F95B09A4642
:10872000884606460025EEE1252877D10024274615
:10873000F94A0121039400E0044316F8013F203B6D
:1087400001FA03F01042F7D130782A2811D06FF0E7
:108750002F033078A0F13002092A16D8039A44F08A
:10876000020402EB820203EB42021044761C0390E7
:10877000EFE758F8042B0392002A03DA504244F43E
:108780000054039044F00204761C30782E2816D151
:1087900016F8010F44F004042A280DD06FF02F02C0
:1087A0003078A0F13003092B09D807EB870302EBDF
:1087B0004303C718761CF3E758F8047B761C30781F
:1087C0006C280FD006DC4C2817D068280DD06A28FA
:1087D00014D104E0742810D07A280FD10DE044F4AD
:1087E00000140AE044F4801401E044F44014727868
:1087F000824202D104F58014761C761C30786628FB
:108800000BD013DC582877D009DC002875D0452818
:10881000F6D04628F4D047281AD193E118E063280F
:1088200035D0642879D0652812D18BE1702873D0B7
:1088300008DC6728F1D069286FD06E280DD06F282A
:1088400006D1ACE073282CD0752874D0782853D08A
:108850005246179990476D1C54E1C4F30250022808
:1088600009D003280DD0D8F8001004280DD00D60D1
:1088700008F1040846E1D8F80010EA17C1E90052EF
:10888000F6E7D8F800100D80F2E70D70F0E718F861
:10889000041B8DF8001000208DF80100EB4601202C
:1088A00003E058F804BB4FF0FF3061074FF00001C0
:1088B00002D40DE009F101018946B9420FDA814580
:1088C000F8DB1BF809100029F4D108E009F10101D7
:1088D00089468142FADB1BF809100029F6D103987A
:1088E0005346A0EB090721463846179A00F080FA54
:1088F000284400EB090507E044E008E10DE01BF81F
:10890000010B524617999047B9F10109F7D2534626
:1089100021463846179AF2E039E00A21C4F30252A0
:108920004FF0000B0091022A06D058F8040BC11733
:10893000032A09D00AE023E008F1070020F007022B
:10894000F2E80201904605E000B2C117042A01D105
:1089500040B2C117002906DA0A460021404261EB05
:1089600002012D2202E0220504D52B228DF80420DD
:10897000012203E0E20701D02022F7E7914657E009
:108980000A2100E010214FF0000B00910BE01021B4
:108990004FF0000B44F004040827009103E0082086
:1089A0004FF0000B0090C4F30252022A05D058F891
:1089B000040B0021032A08D008E008F1070020F08A
:1089C0000702F2E80201904603E080B2042A00D1D7
:1089D000C0B24FF0000922072AD53278702A07D09A
:1089E000DDF800C08CF0100C5CEA0B0C05D00EE03A
:1089F00040228DF80420012208E050EA010306D04D
:108A000030238DF804308DF8052002229146009B1A
:108A100083F0080353EA0B030AD150EA010201D1A3
:108A2000620705D530228DF804204FF001097F1E22
:108A30003278582A04D039A20C920CAA02920BE088
:108A40003BA2F9E75B46009AF7F748FC0C9B9B5C5E
:108A5000029A521E0292137050EA0102F2D1029859
:108A600004A9081A00F1200B600702D524F4803411
:108A700000E001275F4502DDA7EB0B0000E00020CE
:108A800000EB0B01009003984944401A0390E00367
:108A900006D453462146179A039800F0A9F90544D5
:108AA000002706E001A85246C05D179990476D1C4B
:108AB0007F1C4F45F6DBE0030CD553462146179A41
:108AC000039800F095F9054404E0302052461799C8
:108AD00090476D1C0099481E00900029F5DC08E0C5
:108AE0000298029952460078491C029117999047C2
:108AF0006D1CBBF10001ABF1010BF1DC5BE100F09F
:108B000065F90544761C307800287FF40DAE19B065
:108B10002846BDE8F08F00000928010030313233CB
:108B200034353637383961626364656600000000A9
:108B30003031323334353637383941424344454693
:108B400000000000600700D4062708F1070020F0AD
:108B50000700F0E80223804603F0004C5FEA0C00B7
:108B600001D097A009E0200501D596A005E0E00717
:108B700001D095A001E0AFF24C001390307823F0C3
:108B8000004365280CD006DC452809D046281DD0B6
:108B900047287FD13BE0662818D067287AD136E095
:108BA0000021112F01DB112000E0781CCDE900012C
:108BB00004A90CA8FFF7E6FCDDE90D010C9A4FF0C3
:108BC000000B07F10109109200914EE04FF00040B8
:108BD0000097CDE9011004A90CA8FFF7D3FCDDE94B
:108BE0000D020C9B0F994FF0000B914610930092D1
:108BF00011B9791C00EB0109B7EB090003D4C0F1EE
:108C0000FF3B07F10109A9EB0700019042E0012FAA
:108C100000DA01270021112F01DD112000E0384684
:108C2000CDE9000104A90CA8FFF7ACFCDDE90D01BA
:108C30000C9A00914FF0000BB946109221070FD407
:108C4000009A4A4503DA914601E0A9F10109B9F118
:108C5000010F05DD109AA9F10101515C3029F4D012
:108C6000B84202DA10F1040F03DA0121CDE9011054
:108C700010E0002803DC8344A9EB000102E0411C62
:108C8000494500DD8946A0EB0B00401C01904FF0E8
:108C900000400290200705D40198484502DB4FF0C0
:108CA000FF30019000208DF84B0002980DF14B072A
:108CB000B0F1004F25D002200C902B200D9002988F
:108CC00000280CDA404202902D200D9007E00A2186
:108CD0000298F7F735FF3031029007F8011D0C9923
:108CE000481E0C900029F2DC02980028EFD1791E72
:108CF0000D980870307800F0200040F0450007F82B
:108D0000020D11A8C01BC01D02901398007800B17D
:108D1000012000EB0901019801EBE0710298014488
:108D20000398401A401E0390E00306D453462146A0
:108D3000179A039800F05CF805441398007818B16E
:108D40005246179990476D1CE00323D553462146A0
:108D5000179A039800F04CF805441BE0BBF1000F94
:108D600007DB0098584504DD1098179910F80B00A0
:108D700001E0179930205246904701980BF1010B02
:108D8000401E05F10105019004D12E20524617998D
:108D900090476D1CB9F10001A9F10109DEDC05E085
:108DA00017F8010B5246179990476D1C0299481EFF
:108DB00002900029F4DC53462146179A03989EE658
:108DC0002D0000002B000000200000002DE9F041E4
:108DD000044600251E461746880404D405E039469B
:108DE0002020B0476D1C641EF9D52846BDE8F081EF
:108DF0002DE9F041044600251E469046C80301D5E2
:108E0000302700E02027880404D505E04146384695
:108E1000B0476D1C641EF9D52846BDE8F0814A684C
:108E2000002A06D00A68531C0B6010704868401E68
:108E3000486070472DE9F04304889146D0E9012845
:108E40006FF0030505EB8405DFED140A02EB050C5A
:108E500017E000BFB1EC011AB0EE600A17464546B4
:108E60002646ACEC011A06E0B7EC011A761EF5ECCA
:108E7000011A01EE210A002EF6D1121D5B1EA9EC8B
:108E8000010A002BE6D1406804E000BFB2EC010A01
:108E9000A0EC010A641EF9D1BDE8F08300000000D7
:108EA00070B504461D460498A260084421808100E4
:108EB0001846091FF7F77DFA656070BD10B50446C6
:108EC0000022501EE2706063204601F078FF08B176
:108ED000042010BD04F2362001F0E4FEA0F52A4182
:108EE000553901D0032010BD94F83800E92805D089
:108EF000EB2814D194F83A00902810D104F16E00B8
:108F000001F0C5FE0749B1EB002F06D004F18A003D
:108F100001F0BDFE0449884201D1002010BD0220AD
:108F200010BD0000004641544641543300E0401C4F
:108F300002780AB18A42FAD1D0B27047F0B5154D25
:108F40000022134605EB021426685EB10768BE4294
:108F500009D166688768BE4205D1A4684669B442F3
:108F600004D000E00123521C022AEBD3022A01D0D4
:108F700069B904E04BB9022907D01220F0BD05EB16
:108F800002108089B0F5807F01D00020F0BD102054
:108F9000F0BD00009809002030B5064B00242146A2
:108FA00003EB01121568854200D11460491C0229A7
:108FB000F6D330BD980900200268C06A93895289AF
:108FC0005343B1FBF3F1001D04C81AB1914203D31E
:108FD000891AF8E700207047006808447047C269A2
:108FE000891E921E8A4201D800207047026B408978
:108FF00001FB0020704700002DE9F05F0C4682461F
:1090000001F11A0001F04EFE78BB207801270026FE
:10901000DFF8609000F03F004FF6FF7B401E00EB52
:10902000800101EBC00500BF19F80600204401F0E3
:1090300039FE80466FB1FF2D17D201F0B7FA07460F
:109040003AF815006D1C01F0B1FA87420DD1474680
:1090500001E0D84509D1761C0D2EE5D320784006D5
:1090600006D52FB13AF8150010B10020BDE8F09FE9
:109070000120FBE730D600082DE9F04105680F001C
:10908000804606D001F0A6FC022809D20120BDE8E6
:10909000F0816E6916B1E869B04207D8012605E093
:1090A000411CF4D0E9698142F1D83E463446E86972
:1090B000641CA04203D8022E4FF002040AD32146BA
:1090C000404601F087FC38B10128E0D0411CDED0D9
:1090D000B442ECD10020DAE74FF0FF3621463246A9
:1090E000284601F0BFFE30B957B12246394628461E
:1090F00001F0B8FE20B101280FD001242046C6E7B8
:10910000D5E906016C61891E884201D8401EA8611C
:10911000287940F001002871F0E73446EEE70000BE
:109120002DE9F84F88460168002482462546D8F884
:1091300000600F69705D6D1C20281AD32F2813D092
:109140005C2811D0FF2C38D2012101F011FA5FEA1E
:10915000000932D0B9F1800F12D201466BA0FFF79F
:10916000E5FE50BB0CE06D1C715D2F29FBD05C2926
:10917000F9D07119C8F80010202805D204250EE096
:1091800027F81490641CD5E7002508E007EB44009D
:1091900030F8020C202801D02E2802D1641E002CA9
:1091A000F4D1002027F814003CB10B2220210AF151
:1091B000240001F0FDFD002603E00620BDE8F88F45
:1091C000761C37F816002028FAD02E28F8D01EB1C9
:1091D00045F0030500E0641E2CB107EB440030F8B5
:1091E000020C2E28F7D14FF000094FF0080BCDF8F4
:1091F000009000BF37F8160006F101065FEA00088C
:1092000024D0B8F1200F04D0B8F12E0F04D1A6421B
:1092100002D045F00305EDE70098584501D2A6427B
:1092200019D1BBF10B0F0FD0A64201D045F00305B9
:109230000CD84FEA896126464FF008004FF00B0B1F
:109240004FEA11690090D5E745F003059AF824002C
:10925000E52836D038E0B8F1800F404610D3002121
:1092600001F086F95FEA000805D02B4901EB080000
:1092700010F8800C8046B8F1000F45F0020504D0CC
:10928000014626A0FFF752FE18B15F2045F0030506
:109290000EE0A8F14100192802D849F0020908E0BF
:1092A000A8F16100192804D8413080B249F00109C1
:1092B0008046009A00995244491C009182F824800B
:1092C00098E705218AF82410BBF1080F03D14FEA73
:1092D00089604FEA1069C9F38100032803D06FEA5F
:1092E0000901890701D145F00205A90709D409F050
:1092F0000301012901D145F01005012801D145F0F4
:1093000008058AF82F50002058E70000222A3A3C2E
:109310003E3F7C7F00000000B0D500082B2C3B3D79
:109320005B5D0000401E022812D20A4901EB0011C9
:109330008889B0F5807F05D008B1401E80B2888151
:1093400010B103E00020FAE7002008600020704719
:10935000022070479809002070B50E4C0546206821
:10936000C0070AD10C480268002142F080720260F6
:109370006160206840F0010020606668F9F7EEFF48
:109380000649B0FBF1F068436168891B8142FBD359
:1093900070BD0000001000E0FCED00E040420F0056
:1093A0002DE9F047D0F800900021044600F059FA6A
:1093B00000285CD1471E2763FF25A846E16948467F
:1093C00001F0FDFC060051D1216A087850B1CA7A3B
:1093D000E52802F03F02A27140D0130704D50F2AFE
:1093E0003CD105E0042641E00F2A01D0E5B120E0A0
:1093F00094F82F20520633D4420606D591F80D80FA
:1094000000F0BF00636905462363A84209D14A7B87
:10941000424506D1D9F81000FFF7EEFD08B16D1EE8
:1094200000E0FF25EDB21BE0084601F00BFE4045D1
:109430001CD094F82F00C00710D1D4F820100B22B4
:1094400004F12400521E11F8013B10F8015BA3EB5C
:10945000050302D0002BF5D000E03BB1FF252763C8
:109460000021204600F006F80600A7D03046BDE8EF
:10947000F08700002DE9F04705464769C069894635
:1094800020372C6810B1B7F5001F02D30420BDE8C7
:10949000F087A189B7FBF1F201FB127100295FD1BE
:1094A000A969401C4FF00008E86119B3A0896289DE
:1094B000B7FBF0F0521E104252D1284601F08AFA52
:1094C000012806461FD9701C36D0E069B04241D849
:1094D000B9F1000F12D0A9692846FFF7CDFD0600AB
:1094E0000FD0012E0FD0701C26D0204601F0FCFDBD
:1094F00010BB0AE02089B0EB571F31D8C5F81C809B
:10950000C4E70720C3E70220C1E7A289002104F1D4
:10951000380001F04DFC4FF0000831462046FFF7BF
:109520005EFD4FF0010960630DE000BF204684F846
:10953000039001F0D9FD08B10120A8E7616B08F1A3
:109540000108491C616360894045EFD8616BA1EB5C
:109550000800606331462046AE61FFF740FDE861D8
:109560006F61A089B7FBF0F100FB11702044383027
:10957000286200208BE72DE9F0470426D0F8008010
:10958000FF2489460546274648E0404601F017FC7F
:10959000060047D1286A017881B1C27AE52902F034
:1095A0003F02AA7108D02E2906D022F02003082BF2
:1095B00006D0B446CC4506D0FF2420E0042631E096
:1095C0004FF0010CF6E70F2A01D01CBB1EE04A0643
:1095D00005D5477B01F0BF016A690C462A63A142A9
:1095E0000BD1417BB94208D1D8F810200146104672
:1095F00001F0FEFB08B1641E00E0FF24E4B228463F
:109600000021FFF737FF060008D00BE001F01AFD3C
:10961000B84209D04FF0FF30286305E0E96900291E
:10962000B3D10EB10020E8613046BDE8F0870000FC
:109630002DE9F04F044690F82F008FB010F0A00FE6
:10964000D4F8009003D006200FB0BDE8F08FD9F811
:109650001000002500E06D1C30F815100029FAD12B
:109660000C2204F12401029108A801F097FB9DF857
:109670002B00C00719D0402084F82F000126D9F80C
:109680001020029808A9334601F064F92046FFF73C
:1096900087FE10B9761C642EF1D3642E0FD00428F7
:1096A000D2D19DF82B0084F82F009DF82B00800765
:1096B00007D50D200C35B5FBF0F56D1C02E0072039
:1096C000C2E7012527680021204600F0CAF888B9C2
:1096D0000026E169384601F072FB58B9206A00782B
:1096E000E5280AD048B1002620460121FFF7C2FE36
:1096F0000028EED0042812D012E0761C2846AE4294
:10970000F2D1451E0B9567D06169684201EB4011AB
:10971000204600F0A6F85FEA000803D076E00720B4
:10972000804673E0029801F08DFC4FF6FF7B0C90B1
:10973000E169484601F043FB5FEA000866D10B99F6
:109740000F23D4F82080C9B20391D9F810100C98D7
:109750000591002188F80D0008F11A0088F80B30F7
:1097600088F80C1001F06AFC03990027DFF8A0A02C
:10977000491E01EB810202EBC10601E05D4503D009
:10978000059830F81650761C1AF8071001EB0800FF
:10979000294601F053FC05B95D467F1C0D2FEDD322
:1097A0005D4505D0059830F8160008B1039803E030
:1097B000039840F04000039088F800000120002149
:1097C00089F803002046FFF755FE5FEA00081DD127
:1097D0000B98401E0B90ABD1E169484601F0EFFABF
:1097E0005FEA000812D1206A2022002101F0E0FA8D
:1097F000206A0B22029901F0D1FA226A012094F822
:109800002F1001F01801117389F8030040461BE77F
:1098100030D600082DE9F041016B04464669056821
:10982000481C04D0204600F01CF8002817D1E5277A
:109830004FF00108E169284601F0C1FA60B9226AD7
:10984000177085F803806169B14208D20021204673
:10985000FFF710FE0028EDD0042800D10220BDE85B
:10986000F0812DE9F0410468B1F5001F0F4606466E
:109870003CD2F8063AD1B568776125B9207803283B
:1098800006D3E56A25B16089A18900FB01F812E0E1
:109890002089B0EB571F29D9E06A12E0304601F069
:1098A00099F80546401C1FD0022D1FD3E069A8423D
:1098B0001CD9A7EB080729464745EFD22046FFF7FA
:1098C0008EFBC6E9065088B1A189B7FBF1F10844C7
:1098D000F061A089B7FBF0F100FB11702044383033
:1098E00030620020BDE8F0810120FBE70220F9E7AB
:1098F00070B5094C05460020615D00290AD104EBD2
:10990000850062194168107A09688847002801D1EA
:109910000121615570BD0000B80B0020044B30B42C
:1099200003EB800418446368007A1B6930BC184755
:10993000B80B002030B4054C04EB800520446C6863
:10994000007AA468A44630BC60470000B80B002031
:10995000034901EB800208445168007A49680847CE
:10996000B80B002030B4054C04EB800520446C6833
:10997000007AE468A44630BC60470000B80B0020C1
:10998000FEB5214CA07801283BD1204F00220421B4
:109990003846F8F75BFC00256E461D480021FCF7B1
:1099A00093F9691C7055CDB2092DF6D301223846C2
:1099B0000421F8F74BFC9DF803209DF804109DF856
:1099C0000500120442EA0121014361619DF806305D
:1099D0009DF807000D029DF808204FEA034343EA73
:1099E000002040EA0200A06102D541F07F416161A0
:1099F000010202D540F07F40A0610120607000218B
:109A0000A1700020FEBD00002400002000000258CC
:109A10007C00002070B5474C6078012879D194ED26
:109A2000050A04F120024448111FB8EEC00A84ED73
:109A3000070A6368FFF7FEF994ED060A3E4804F151
:109A40002802111FB8EEC00A0C3084ED090A6368C1
:109A5000FFF7F0F92078002869D0E06894ED0A0A51
:109A60009628BDEEC00A10EE102A03D2E068401C12
:109A7000E06019E02078012808D1A16840F2DC50AC
:109A8000814203D2A0682D4B411C0AE020780228B5
:109A90000AD1A16841F28830814205D2A068284BE2
:109AA000411CA16043F82020264EFA232069411C66
:109AB000012546F82020B1FBF3F003FB10102061D4
:109AC0003068014656F82530834200DA18468B424A
:109AD00000DD19466D1CFA2DF4DB814200D1411CDA
:109AE000121A081A00EE102A00EE900A9FED161ABC
:109AF000F8EEC01AF8EEE00A81EEA00A20EE010AA4
:109B0000BDEEC00A10EE105A6D1D052D02DA0525B6
:109B100003E00DE0B42D00DDB4250CA0E9B2FEF7A2
:109B20004BFB0FA0E9B2F7F7D7FD002060700020D3
:109B300070BD000024000020680500240874002483
:109B4000E82500248001002400002F436164642084
:109B500073302E69642C302C2564FFFFFF00000059
:109B600025640A0038B5044600F095FB00280CD1A6
:109B70006946204601F0E1FA002806D12069FFF786
:109B8000D1FB002801D10021216038BD38B5044641
:109B9000694601F0D2FA002808D1216921B10846AE
:109BA000FFF7C0FB002801D10021216038BD2DE95D
:109BB000FE4F0D460446694601F0BFFA07006AD120
:109BC000677D002FFBD1E06A04F1300B4FF0020AF1
:109BD0004FF00108002871D0691C2FD0E068A8421E
:109BE00000D20546A561002D55D0691E2046FFF71D
:109BF000E3F9E06101460098FFF7F1F901007ED03A
:109C000000986D1EA36982894689B3FBF2FCB5FBFF
:109C1000F2F5761E02FB1C323540002A0D44E3D0DB
:109C2000226AAA42E0D0217D09063BD54078012373
:109C30005946FFF797FE002871D12FE004C8A168AC
:109C4000022583460192F1B100260291AD1C89469E
:109C5000761C204600F0BEFE012801464FD9481C64
:109C60005DD009F101008142F1D00198854206D80A
:109C70000BF10400CBF80060029A04C08346009800
:109C8000C0698842E0D8E16A019885420D6003D836
:109C90000021CBF80010A6E01127A4E0207D00F001
:109CA0007F002075009801232A4659464078FFF727
:109CB00041FE002833D1256295E0FFE7E068A84225
:109CC00003D2217D890700D40546A0694FF0000921
:109CD000C4F8189015B300994E89898906FB01F6DE
:109CE00070B1691E401EB1FBF6F1B0FBF6F2914275
:109CF00006D3721EE1699043A0612D1A0DE05BE06E
:109D0000A16849B900212046FFF7B6F901280146AC
:109D100052D0481C61D0A160E161D9B92FE05CE06C
:109D2000227DAD1BA0693044A0619207204605D575
:109D3000FFF7A2F9010004D100250DE000F04AFE72
:109D40000146481C49D0012936D90098C06988428B
:109D500032D9E161B542E3D8A0692844A0610098F6
:109D60008289B5FBF2F302FB135242B1FFF737F9D8
:109D700010B300998989B5FBF1F101EB0009E168A5
:109D8000A069884204D9217DE06041F0400121753D
:109D900000998A89B0FBF2F302FB130018B3226A20
:109DA0004A4520D0207D00060FD54878012359462A
:109DB000FFF7D8FD88B904E0022084F815A0BDE8BB
:109DC000FE8F207D00F07F002075009801234A4619
:109DD00059464078FFF7AEFD18B1012084F8158090
:109DE000EDE7C4F820903846E9E700002DE9F74197
:109DF00081B0904602980090684600F0D6FE0400BC
:109E000003D50B2004B0BDE8F0810D4E002756F8B5
:109E100024501DB12846FFF7BFF82F700198002885
:109E200000D0077046F8240002D0B8F1010F01D02D
:109E30000020E7E7002201A902A800F0F7FBE1E714
:109E4000700000202DE9F743050094B00BD002F01C
:109E50003F06694615A8324600F0E8FB04004FF0C3
:109E6000000804D0F3E0092017B0BDE8F0830098A3
:109E7000019001A8159900F023FD04000ED19DF872
:109E80003300000601D5062408E0700801D0012146
:109E900000E0002101A8FFF751F8044616F01C0F5E
:109EA0005DD04FF00109C4B1042C10D16B490020E2
:109EB00002E0401C022804D201EB00121268002AC2
:109EC000F7D1022807D001A8FFF7B2FB044646F0FD
:109ED00008065CB1BBE01224B9E09DF80A0010F05E
:109EE000110F48D1700701D50824B0E0300748D5DC
:109EF00000F0E5FD0746099839460E3001F096F866
:109F000009983946163001F091F809982021C1725C
:109F10000999009800F0A8FE0999002207460098C8
:109F200001F070F8099800211C3001F07FF80099C9
:109F300081F803901FB3D1F83490002201A839466C
:109F400001F026F8040009D10098494600F037FFD7
:109F500004000098A7F1010747610ED077E0002CBC
:109F600075D19DF80A00C10601D504246FE0B10740
:109F700003D5C00701D0072469E0300701D546F0BA
:109F800040060098406B68620998A862700801D08A
:109F9000012100E0002101A800F026FE2861B8B3ED
:109FA0000999009800F060FEA86009981C3000F044
:109FB0006EFEC5F82C800146E96005F1300000997D
:109FC0004FF48052296081460099C988A9800021F8
:109FD0002E7585F81580C5F82080C5F8188000F02A
:109FE000E7FEB00635D5EE689EB3AE610098A9686D
:109FF0004789808947430FE0284600F0EBFC0128A1
:10A00000014600D80224481C03D0F61B24B105E009
:10A0100021E00124F61B01E0BE42EDD8E961B4B9AC
:10A0200000988289B6FBF2F302FB13628AB1FEF755
:10A03000D6FF80B1009901238A89B6FBF2F202446F
:10A040002A6248784946FFF775FC10B10124C5F82B
:10A050000080204608E70224F9E700009809002064
:10A0600073B5050082B009D00022694603A800F04C
:10A07000DDFA04004FF0000603D02FE0092004B001
:10A0800070BD009928462960039900F019FC04006E
:10A0900014D195F82F00000607D4A879C0061CD566
:10A0A000296A009800F0E0FDA8600098C188284661
:10A0B000A9800021FFF7D5FB040002D0042C0CD0AE
:10A0C0000CE0A86838B10021284600F08DFD286119
:10A0D00028B9122402E02E6101E005242E602046FA
:10A0E000CDE72DE9FE4F15469946002204468846E5
:10A0F0001A6002A901F021F8002812D1607D002821
:10A100000FD1207DC0070BD0A2690127E16804F1BF
:10A11000300B4FF0020A881A854200D9054695E0B7
:10A120000720BDE8FE8F029AA1699089B1FBF0F388
:10A1300000FB1313002B6AD1B1FBF0F65289521EBB
:10A14000164011D129B1E06A28B12046FEF734FF4C
:10A1500005E0A06803E0E169204600F03BFC02282E
:10A160001ED3411C4ED0E061E1690298FEF737FF33
:10A17000B0B10299304401908889B5FBF0F00090AD
:10A1800038B3009A48893244824201D9801B00903A
:10A1900048784146DDE90032FFF7CCFB90BB03E095
:10A1A000022084F815A0BCE7207D00060CD5216AAA
:10A1B0000198081A0099884206D202998A8959465C
:10A1C00000FB028000F0EAFD029886890098464371
:10A1D00032E0226A0198824217D0207D000609D51C
:10A1E000487801235946FFF7BDFB58B9207D00F0A0
:10A1F0007F00207502980123019A59464078FFF7A5
:10A2000099FB10B1012067758BE7019820620298D5
:10A21000A1698089B1FBF0F200FB1212861AAE42EE
:10A2200000D92E46B1FBF0F200FB121032460119A4
:10A230004046303100F0B2FDA169AD1BB044881931
:10A24000A061D9F800008119C9F80010002D7FF431
:10A250006AAF002065E738B50C460546694600F050
:10A260006CFF002813D1014628468CB1FFF783F913
:10A27000042801D000280AD12146284600F021FCFC
:10A2800000212846FFF7F6F8042800D1002038BD49
:10A29000FFF7E7FA38BDF8B50446694600F04DFF10
:10A2A00000280ED1217D4A060BD508060ED5009850
:10A2B0000123226A04F130014078FFF753FB08B113
:10A2C0000120F8BD207D00F07F00207500F0F7FB35
:10A2D000616A0646009800F072FD0028F1D1A56A77
:10A2E0002946E87A40F02000E872A268206800F071
:10A2F00089FEE16805F11C0000F098FE05F11600EA
:10A30000314600F093FE002105F1120000F096FEA8
:10A3100000980121C17000F0A3FE217D01F0BF0172
:10A320002175F8BD11B59DB002220DA91DA800F040
:10A330007DF90D990028009110D11D99684600F013
:10A34000BFFA00280AD102216846FEF7F7FD00286F
:10A3500004D19DF82F00000602D506201EB010BDC6
:10A360009DF80600C00701D00720F7E708990D986F
:10A3700000F07AFC04469DF80600C00610D50D9842
:10A38000002111940F900FA8FFF76BFA0028E5D178
:10A3900000210FA8FFF7EFF80028E5D00428DDD151
:10A3A0006846FFF737FA0028D8D134B10022214699
:10A3B000684600F0EDFD0028D0D10D9800F050FE69
:10A3C000CCE72DE9FE4F1546994600220446884603
:10A3D0001A6002A900F0B1FE002806D1607D0028B5
:10A3E00003D1207D800702D40720BDE8FE8FA0693D
:10A3F000012704F1300B4FF0020A411900D3C54385
:10A40000ADE0029AA1699089B1FBF0F300FB131350
:10A41000002B7AD1B1FBF0F65289521E164018D1AA
:10A4200029B1E06A38B12046FEF7C6FD07E0A06812
:10A4300038B9002100E0E1692046FEF71DFE002842
:10A440007DD0012830D0411C59D0A168E06101B90C
:10A45000A060207D00060BD502980123226A594690
:10A460004078FFF77FFAC8BB207D00F07F002075A1
:10A47000E1690298FEF7B3FDB0B102993044019052
:10A480008889B5FBF0F0009048B3009A48893244BF
:10A49000824201D9801B009048784146DDE90032B4
:10A4A000FFF760FAD0B903E0022084F815A09CE71A
:10A4B000216A0198081A009988420AD202998A8969
:10A4C00000FB0281584600F069FC207D00F07F000F
:10A4D000207502988689009846432FE00FE0FFE739
:10A4E000226A019882420ED0E268A06990420AD2A4
:10A4F00048780123019A5946FFF71CFA18B1012048
:10A50000677572E701E0019820620298A16980896D
:10A51000B1FBF0F200FB1212861AAE4200D92E46B1
:10A52000B1FBF0F200FB12103246414620443030BD
:10A5300000F034FC207D40F08000207500E011E048
:10A54000A269B044E1689019A061884200D8084629
:10A55000E060D9F80000AD1B8119C9F80010002D8A
:10A560007FF44FAF207D40F04000207500203CE795
:10A57000802804D30C4A51B1FF2801D9002070472C
:10A5800002EB4000A0F58050B0F8000F70470021AA
:10A5900032F81130834203D0491C89B28029F7D3A5
:10A5A0008031C8B2704700005AD6000830B5B0F507
:10A5B000805F01D21B4900E01B4931F8022B002AC1
:10A5C00015D0904213D331F8024B52FA84F5230A86
:10A5D0008542E4B221D9092B09D2DFE803F005094D
:10A5E0000E11131517191B00801A31F8100030BD19
:10A5F000811A01F00101401A00E0103880B230BD2C
:10A600002038FBE73038F9E71A38F7E70830F5E784
:10A610005038F3E7A0F5E350F0E7002BCDD101EB84
:10A620004401CAE75AD700084CD900082DE9FF4178
:10A63000002790460E460F6000F0B7FA050003D5DC
:10A640000B2004B0BDE8F081994850F825409CB13A
:10A65000346008F0FE06207820B16078FFF778F9C2
:10A66000C1070BD02770B846E8B26070FFF740F919
:10A67000C10708D00320E4E70C20E2E70EB1400751
:10A6800004D40020DDE71EB1400701D50A20D8E739
:10A690006078022104F10C02FFF740F9F0BBA089B9
:10A6A000A0F50071B1F5606F40D8411E08423DD160
:10A6B000002620463146FEF701FC022822D1002563
:10A6C0004FEA0D0704EB051090F8FA1100F5FB7046
:10A6D00019B1083000F0DBFA00E0002047F825004F
:10A6E0006D1C042DEED3002557F8256036B1314698
:10A6F0002046FEF7E3FB022801D203E003206D1C95
:10A70000042DF1D3042811D002287AD204F1430099
:10A7100000F0C8FAA189884273D100E006E004F194
:10A720004E0000F0BFFA010002D006E0012088E7E9
:10A7300004F15C0000F0ABFA014694F84850216245
:10A74000012DA57001D0022D5BD14D4394F8450039
:10A750006081E8B3411E084253D104F1490000F082
:10A76000A1FAA18920814909B0FBF1F201FB120095
:10A7700070BB04F14B0000F095FA070004D104F11E
:10A78000580000F084FA074604F1460000F08AFA07
:10A79000020036D0A089511923894009B3FBF0F09B
:10A7A00001448F422DD360897F1AB7FBF0F078B156
:10A7B00003274FF6F57C604500D8022740F6F57C6C
:10A7C000604500D80127801C32443144216300E0F9
:10A7D00017E0E061032FC4E9096214D08BB151196D
:10A7E000E162022F20D000F0010100EB400001EBFC
:10A7F0005000A189401E226A0844B0FBF1F090424B
:10A8000014D90D201DE704F1620000F04BFA002876
:10A81000F7D120890028F4D104F1640000F037FA60
:10A82000E169E0628800E4E74000E2E74FF0FF31D1
:10A83000A16180206161032F20712CD104F1680097
:10A8400000F030FA012826D1711C204600F0B7FA3A
:10A8500008BB04F2362084F8048000F023FAA0F547
:10A860002A41553917D104F1380000F010FA114986
:10A87000884210D104F5077000F009FA0E498842A9
:10A8800009D104F5087000F002FAA06104F509701E
:10A8900000F0FDF9606106492770091F0888401C17
:10A8A0000880E080054820612046FEF775FBE8E659
:10A8B000700000205252614172724161B80900205B
:10A8C00073B505680446019801E0401C01900178C9
:10A8D0002F29FAD05C29F8D00021A16001980078D6
:10A8E000202806D2802084F82F002046FEF7B9FFEA
:10A8F0007CBD01A92046FEF713FC0028F8D12046B4
:10A90000FEF74EFD94F82F1028B10428F0D1490726
:10A91000EED405207CBD4907FCD4A079C006F8D54B
:10A92000A9896069B0FBF1F201FB120041192846C8
:10A93000383100F099F9A060DBE7000013B5044856
:10A9400001224FF6FF736946FAF73AF800981CBDEA
:10A950008C0100207CB51C4616460B22054600F0F3
:10A960001DFA052C11D91A4A0CE00021B61C234609
:10A970000446400863F35F04E30300D55440491CD8
:10A980001029F4D330880028EFD107214FEA0D02B7
:10A9900004F00F003030392800D9C01D505424096C
:10A9A000A1F10101F4D17E230020535400E0401CAA
:10A9B000884202D22B5C202BF9D1082902D2535CA9
:10A9C000491C00E020232B54401C0828F5D37CBDF3
:10A9D000211001002DE9F041046802290D460BD336
:10A9E000E069A84208D920784FF0FF36012807D047
:10A9F000022835D003284AD001263046BDE8F08130
:10AA0000A08905EB5507A16AB7FBF0F00144204689
:10AA100000F0D5F90028F0D1A08907F10108B7FBB3
:10AA2000F0F100FB1171B8FBF0F0214491F838709F
:10AA3000A16A0144204600F0C2F90028DDD1A089B6
:10AA4000E907B8FBF0F200FB1280204490F83810C0
:10AA500047EA012001D00609CFE7C0F30B06CCE797
:10AA6000A189A06A4908B5FBF1F10144204600F034
:10AA7000A6F90028C1D1A0896900B1FBF0F200FB62
:10AA800012102044383000F00DF90646B5E7A189D0
:10AA9000A06A8908B5FBF1F10144204600F08FF966
:10AAA0000028AAD1A089A900B1FBF0F200FB121086
:10AAB0002044383000F0EBF820F070469DE700208D
:10AAC00070472DE9F047D0F800804FF0000981F879
:10AAD00016900646C0690C46002864D0306B401CB6
:10AAE00017D000252F460AE00021FFF741FD08B1ED
:10AAF000FF2D01D3002509E061196D1C8875D8F878
:10AB0000100030F817007F1C0028EDD1611981F882
:10AB100016900021A37D2E250A46306A405C491C10
:10AB2000202824D0052800D1E520092905D10BB91A
:10AB3000A718BD75A718521C7D7204EB020C8CF887
:10AB400009009BB9A0F14107192F0DD8376A0929CF
:10AB50003F7B02D34FF0100801E04FF0080817EADE
:10AB6000080F01D02030C0B28CF81600521C0B29FF
:10AB7000D3D333B9A11881F81690306A007B00B99D
:10AB80000022A11881F80990306AC07A2072306AD8
:10AB90001C3000F07CF82060306A163000F077F846
:10ABA000E080010CA180BDE8F08710B50268044682
:10ABB0004FF0FF30002A13D0114600E0491C0B78FB
:10ABC000202B0ED33A2BF9D112F8013B303B0A2B44
:10ABD00006D28A4204D1002B02D1491C18462160BA
:10ABE00010BD002010BD0000F0B51E4A03460568E8
:10ABF0005FF0000002EB00142668AE4207D16668E1
:10AC00009F68BE4203D1A4685E69B44202D0401C72
:10AC10000228EFD3022814D1002002E0401C0228B1
:10AC200004D202EB00142468002CF7D102280ED0C5
:10AC300002EB0014002625609D6865605B69A360D7
:10AC4000A681002902EB0011898902D019B10020E8
:10AC5000F0BD491C01E04FF4807102EB0012401C72
:10AC60009181F0BD9809002070B50D46064601F1AE
:10AC70001A0000F017F804463078032805D105F1D2
:10AC8000140000F00FF844EA0044204670BD8378B9
:10AC900042780178C07843EA002042EA002041EA85
:10ACA000002070470178407841EA0020704700009A
:10ACB0001FB500240094019402940394F7F75CFB01
:10ACC00001208DF80C001F218DF8081087228DF8C7
:10ACD00009208DF80D008DF8000068468DF80A40B7
:10ACE0008DF80E408DF8014001948DF80B408DF8E1
:10ACF0000F40F7F713FB0420F7F74CFBF7F7C0FA08
:10AD0000FBF750F8FAF718F8FAF7D0F8FAF7FEF868
:10AD1000FAF730F9FAF762F9FAF700F8FAF792F968
:10AD2000FAF79AFF1148F6F727FA1048F6F78EFB64
:10AD30000F4C81210F4B104A206800900F48FEF7FE
:10AD4000AFF82068812100900D4B0E4A0E48FEF7A7
:10AD5000A7F8F9F78FFE0DA0F6F7BEFCFEF710FE80
:10AD6000F9F72CFF0120F7F735F9F7E77C00002011
:10AD70002800002090050020ACB3000868050024DE
:10AD800094070020A8B1000874050024454347201B
:10AD900073746172742E2E2E2E0A0000002A05D0C4
:10ADA00011F8013B521E00F8013BF9D17047000039
:10ADB0005FFA81F1521E00F8011BFBD1704770B59C
:10ADC0000446406B00260D46A8420FD0204600F0F6
:10ADD0008BF906000AD16078012304F138012A4674
:10ADE000FEF7A8FD08B1751E01266563304670BDEB
:10ADF0002DE9F0470E46814601F11A00FFF752FF98
:10AE000028BB307801250027DFF8548020F040006F
:10AE10004FF6FF7A401E00EB800101EBC00400BF3B
:10AE200018F807003044FFF73DFF35B1FF2C0ED274
:10AE300029F81400641C054601E0504507D17F1C29
:10AE40000D2FEDD33078400607D5FF2C02D300201C
:10AE5000BDE8F087002129F814100120F8E7000070
:10AE600030D600082DE9F047022917460D46044662
:10AE70004FF002067ED3E069A8427BD920784FF0DC
:10AE80000109012804D0022843D003287DD157E0CE
:10AE9000A18905EB5508A26AB8FBF1F0811820469C
:10AEA000FFF78DFF060070D1A2894046EE07B8FB80
:10AEB000F2F308F1010802FB1300204400F138000E
:10AEC00004D00178FAB262F31F1100E03946017034
:10AED00084F80390A189A26AB8FBF1F0811820469A
:10AEE000FFF76DFF060050D1A189EB07B8FBF1F227
:10AEF00001FB1280204400F1380002D0C7F3071193
:10AF000005E00178C7F3032201F0F001114301705D
:10AF100039E0A189A06A4908B5FBF1F10144204656
:10AF2000FFF74DFF060030D1A0896900B1FBF0F2B8
:10AF300000FB1210B9B22044383000F07FF822E054
:10AF4000A189A06A8908B5FBF1F101442046FFF709
:10AF500036FF060019D1A089AD00B5FBF0F100FB6A
:10AF6000115020443830FFF792FE67F31B00014672
:10AF7000A08900E009E0B5FBF0F200FB125020448C
:10AF8000383000F053F884F803903046BDE8F0877D
:10AF90002DE9F0410568022913460E4607462DD3D8
:10AFA000E869B0422AD93BB14FF0FF321946284632
:10AFB000FFF758FF00281FD131463846FFF70AFD3A
:10AFC000040018D0012C19D0601C19D00022314681
:10AFD0002846FFF747FF00280ED1D5E90610821E4C
:10AFE000914205D22A79491CA96142F001022A71D5
:10AFF0002646B042E0D80020BDE8F0810220FBE701
:10B000000120F9E770B50C46154691B2064604F1E9
:10B010001A0000F013F83078032806D1290C04F147
:10B020001400BDE8704000F009B870BD0A0A017054
:10B030004270110A81700A0AC27070470A0A0170D0
:10B0400042707047014600200B2210B5440811F8E9
:10B05000013B04EBC0101844521EC0B2F6D110BD23
:10B0600070B5044600F040F8050036D1207803287A
:10B070002CD12079012829D104F13800A28900219E
:10B080000646FFF795FE04F236204AF65521FFF7F3
:10B09000D5FF13493046FFF7C9FF124904F5077081
:10B0A000FFF7C4FFA16904F50870FFF7BFFF6169EE
:10B0B00004F50970FFF7BAFF626A01233146521C9A
:10B0C00062636078FEF74EFC0020207100226078F9
:10B0D0001146FEF723FC00B10125284670BD000093
:10B0E00052526141727241612DE9F0410446C078CB
:10B0F0000027F8B1656B04F13801607801232A4616
:10B100008846FEF72FFC08B1012713E0A26A002051
:10B11000216AAA1AE0708A420CD2A67808E0206A56
:10B1200001234146054460782A46FEF71BFC761E43
:10B13000022EF4D23846BDE8F08170B504000E4608
:10B140004FF009050CD0206850B1017841B1A188B9
:10B15000C288914204D14078FEF7FAFBC00703D0C1
:10B1600000203060284670BD20680025F9E7010006
:10B1700002000400060008000A000C001000200075
:10B1800040008000000101010103070100000804E4
:10B190000204080101010000000001020304010291
:10B1A0000304060708090000A3CE1338885A86391D
:10B1B00048EF163ADC245C3A01486E3AD37A3F3ABB
:10B1C00040E7C639A21B313876C388B8B5D54039B7
:10B1D000EAE83F3A8926AE3A706BD63A814EB93AE0
:10B1E0001E75343AA4AE57B9558148BAAE2A1BBA77
:10B1F000DBB1AF39A3C5CD3A02B01B3BCCC20A3B91
:10B200002B5F2F3AB068B9BA0AD14BBB8FEC62BB47
:10B2100024B30EBBFDF9B4386C4DFF3A0CD8033B98
:10B22000F0A49CB90DC18BBB639804BCACBE20BC20
:10B230004DD109BC519D96BB4DE622BAE358513A17
:10B2400046AA01BB418B09BC0D8880BCAD5BA5BC87
:10B25000C3179EBC757558BC5DCBA9BB9335E9B8C7
:10B260008EB0FFBAA16838BC6134C7BC7ABE0DBDD0
:10B27000BDAE13BD1A25DABC6E3C27BCC6E7933BB6
:10B28000A71E033C8A44A1BBE20200BDD3B773BD35
:10B2900063CB96BD0B3A75BD5A5A5DBC70A36B3D2E
:10B2A0001F87093E1AFB453E01A55C3E1AFB453E41
:10B2B0001F87093E70A36B3D5A5A5DBC0B3A75BDA2
:10B2C00063CB96BDD3B773BDE20200BD8A44A1BB78
:10B2D000A71E033CC6E7933B6E3C27BC1A25DABC8D
:10B2E000BDAE13BD7ABE0DBD6134C7BCA16838BC0C
:10B2F0008EB0FFBA9335E9B85DCBA9BB757558BC64
:10B30000C3179EBCAD5BA5BC0D8880BC418B09BC3E
:10B3100046AA01BBE358513A4DE622BA519D96BB6D
:10B320004DD109BCACBE20BC639804BC0DC18BBB25
:10B33000F0A49CB90CD8033B6C4DFF3AFDF9B4382E
:10B3400024B30EBB8FEC62BB0AD14BBBB068B9BA59
:10B350002B5F2F3ACCC20A3B02B01B3BA3C5CD3AB0
:10B36000DBB1AF39AE2A1BBA558148BAA4AE57B982
:10B370001E75343A814EB93A706BD63A8926AE3A88
:10B38000EAE83F3AB5D5403976C388B8A21B3138D0
:10B3900040E7C639D37A3F3A01486E3ADC245C3A3A
:10B3A00048EF163A885A8639A3CE1338D114E1B93A
:10B3B0002CA8DAB97DF2D5B99E80D2B9EFC8CFB941
:10B3C000242CCDB959F6C9B96E60C5B9A691BEB9DC
:10B3D00089A1B4B9FE99A6B9A27993B9A66C74B93A
:10B3E000BF7F33B99B0BC4B85E170A366D58F63869
:10B3F0009A8D85393CFCD9399FEB1D3A3402563A77
:10B40000BFD58A3A31A3AE3ACE92D63A9C63013B7D
:10B41000D9AD193BCD31343BEEF4503B48F86F3B8E
:10B42000279C883B5A569A3B2D24AD3B9FFCC03B42
:10B430003BD4D53B1E9DEB3B8223013CAADF0C3C59
:10B440009DF8183CDE62253CF311323C74F83E3C1A
:10B4500022084C3CFE31593C6666663C2C95733C98
:10B46000DD56803C94CF863C332C8D3C2B64933C42
:10B47000F76E993C2F449F3C96DBA43C2C2DAA3CB4
:10B480003E31AF3C75E0B33CE633B83C2025BC3CD4
:10B490003AAEBF3CDCC9C23C5073C53C85A6C73C34
:10B4A0001E60C93C749DCA3CA05CCB3C799CCB3CE3
:10B4B000A05CCB3C749DCA3C1E60C93C85A6C73CC1
:10B4C0005073C53CDCC9C23C3AAEBF3C2025BC3CF5
:10B4D000E633B83C75E0B33C3E31AF3C2C2DAA3C82
:10B4E00096DBA43C2F449F3CF76E993C2B64933C25
:10B4F000332C8D3C94CF863CDD56803C2C95733CA0
:10B500006666663CFE31593C22084C3C74F83E3C71
:10B51000F311323CDE62253C9DF8183CAADF0C3C5E
:10B520008223013C1E9DEB3B3BD4D53B9FFCC03BA3
:10B530002D24AD3B5A569A3B279C883B48F86F3BDD
:10B54000EEF4503BCD31343BD9AD193B9C63013B0C
:10B55000CE92D63A31A3AE3ABFD58A3A3402563AA1
:10B560009FEB1D3A3CFCD9399A8D85396D58F638D8
:10B570005E170A369B0BC4B8BF7F33B9A66C74B98B
:10B58000A27993B9FE99A6B989A1B4B9A691BEB919
:10B590006E60C5B959F6C9B9242CCDB9EFC8CFB979
:10B5A0009E80D2B97DF2D5B92CA8DAB9D114E1B90F
:10B5B000F7B063BFD02BD6BEE011F5BD1DAD6A3D1F
:10B5C000FC6FA53C249BABBBA04F64BC740907BCBB
:10B5D000B8EAD2BEBEBE623F1A515A3C57B128BE2D
:10B5E0009F71613CB3286C3CEFAEB33C1F4D353DC1
:10B5F000931B05BDEFC527BE1D3B083F3DF031BF86
:10B60000A1A3D5BE62D821BD94C0E63D705B1BBD31
:10B610008B4F41BDFFE7B03D938AC63EAC74273FD8
:10B62000F91018BFA1DA403E4084383C7BBCB0BD65
:10B6300022C23FBBF03544BD448AC13E9A0906BDD3
:10B64000C901C33EC68A1E3F47B0F9BEF88A863E8E
:10B65000EDD547BC19E5993C52D2AB3E24610F3E73
:10B66000F910243E0E9E3DBFD28A03BF9014913C38
:10B67000BA852EBB541E1DBDE0109A3EF14B2D3EE7
:10B680002D95973E986B11BEECC0213F66F80F3F99
:10B690002600FFBB59BF193C07B7853E153A6F3DE1
:10B6A000F06BD43EB4C9A13D4320873E43A945BFBA
:10B6B0006FB88F3C9DBC48BBFB24773D412EF13CCD
:10B6C000C329933D4819F1BC17BB3D3D6CE826BD2D
:10B6D0002FC2943CC251F2BB1F485E3D2766BD3C61
:10B6E000C826993DE0DB74BC88BE3B3DF568AABC2A
:10B6F000AA63953C41D73EBB6283453D4759BF3C59
:10B70000D6568C3D130DD2BCE09F123D77BF0ABDCB
:10B7100034BF9A3C9357E7BB7F14353D295D7A3C93
:10B720001938803DB1A5C7BCA2EE433D8BC399BC7F
:10B730002E3D9A3CBF4692BBD1221B3D57B4B93C2B
:10B740005BCE653D39268BBC9294343DDB1710BD32
:10B7500017F19D3CFED5E3BBD28C053D25076C3C23
:10B76000FE60603D5B061CBCC009053DF6B5AEBC85
:10B770007B689F3C95F084BB5F0CE53CB119603C55
:10B78000CDB13C3DDBA3B7BC41B9ED3C32ADCDBC46
:10B790008509A33C359806BC492BBE3C92CC6A3C3B
:10B7A000B0E42A3DD7674EBC5AD8133DD95B4ABC9A
:10B7B000CFC0C83C85EAE6BB68CA0EBD611830BB85
:10B7C00041D73EBB82A8FB370A14313BAAB95C3B88
:10B7D0008351C93CD449B6BB1C4516BD098B0ABB75
:10B7E000EC8758BB50C6783A131013BAB20F32BB6D
:10B7F0007381CB3C2905DDBBB1351BBD0EBF9BBBA7
:10B80000FF25A9BBBD3786B71EA7E8BAAF5DDA3AF8
:10B81000C409CC3CA051BABB4E8021BDC0B252BBC2
:10B82000414AECBBE44EE9B941D7BEB96C43C53AD5
:10B830003998CD3C4E27D9BB787A25BD3108ACBBB1
:10B84000B4E4F1BB75C84D3BCE6F98BAF646AD3A3D
:10B85000F854CE3CFB90B7BB65722ABD10AE80BBDE
:10B8600052D419BC45F2153A8B8777BBEE96E4B8F3
:10B87000927ACF3CCF2EDFBBD9062EBD65E3C1BB8C
:10B8800020D019BCE9D23F3BF3742EBB4A26A73B1C
:10B890000E85CF3CD9EDB3BB4A5D32BDF6B699BB40
:10B8A0008D9A2FBCBA68C83A86AA98BB5567353AB4
:10B8B000950ED63C2E73BABB6EDD4DBD7714E7BB3B
:10B8C000C9B08ABC5DA3653B516603BC7E8E8F3BCD
:10B8D000CD94D63CF7E5CCBBDD7D4EBDD13C00BC64
:10B8E000B72487BC3659A33BCF11F9BBFDDCD03B55
:10B8F0000D6FD63CABECBBBBA6D24FBDA5BBEBBB23
:10B900000A8588BCA661783B0BD20CBCB614903B70
:10B91000BEBED63C581CCEBB087250BD07CF04BC7F
:10B9200066A288BC06B98B3B967B01BC0002D63B65
:10B93000B492D63C2A38BCBB67D351BD1D91EFBB36
:10B9400014268CBCBD007B3B3A3C04BCE4BB943B5E
:10B95000FAEED63C3E42CDBBD15D52BDBF7E08BCA7
:10B96000C05C8BBC19ADA33B6F1203BC96AFCB3B45
:10B9700001DAD63CABECBBBB5CAD53BD7923F3BB6A
:10B98000139B8FBCC576773B80600EBC4BE9993B1F
:10B99000BD55D73CF67CCDBB8C4854BDCC0D06BC08
:10B9A00043588DBC2FA6993BA01603BC0D6FD63B08
:10B9B00008CBD83CFC89CABB7D595ABD5A2F06BC5E
:10B9C00092EC91BC89CF9D3B765009BC13D6C63B07
:10B9D00028B8D83CC5C6BCBB809A5ABD5CCAF9BB66
:10B9E000406A93BC7CD2893B63B40EBCDE019E3BB3
:10B9F000A018D93C3B1DC8BB213C5ABD066605BCFE
:10BA0000328E91BC58569A3B532209BCA69BC43B2C
:10BA1000C7F0D83C1827BEBB26525ABDAF93FABB1D
:10BA200030BC92BCC32E8A3BD1790DBC58A9A03B37
:10BA30006E14D93C1004C8BBA7065ABD551605BCE8
:10BA40001E3691BC20D0993B70CE08BC52D2C33B6D
:10BA50007DEAD83CA648BEBBC51E5ABD5B61FABB99
:10BA6000666A92BC98158A3BFCFB0CBCADDBA03B24
:10BA70000B0CD93CBBD1C7BB77D759BD0FBA04BC9F
:10BA8000E9F090BCAF5A993BEA9708BCB8ACC23B0E
:10BA900032E4D83C9772BEBBAEF159BD3048FABB18
:10BAA0009C1892BCFC1D8A3BE1B80CBCBB48A13B76
:10BAB000D6C6D83CDC65BFBB4BE658BD5CCAF9BBFB
:10BAC000C72B90BC350D8A3B82540ABCC47AA33B79
:10BAD00019E2D83CEA25C6BB41BA58BD7E5102BC2A
:10BAE000D4298FBCE4BB943BFB3F07BC0188BB3B24
:10BAF000D6C6D83C067FBFBB52D158BDF8C1F9BBF2
:10BB0000080690BCD1048A3BFC1D0ABCA7CEA33B0F
:10BB1000E8DDD83CBF0CC6BB61A758BD5B2302BCA7
:10BB200046088FBC2C81943BD02607BCC901BB3B87
:10BB3000BDC4D83CCD8FBFBB73BE58BD5CCAF9BB7A
:10BB400061E28FBC43E3893B0AF409BCD1E7A33B24
:10BB5000CFDBD83C31EBC5BB8E9558BD6AF901BC33
:10BB600035F18EBC7446943BDFFC06BC83A5BA3B22
:10BB7000A4C2D83CF8A8BFBB9FAC58BDBFD2F9BB8C
:10BB8000D3C08FBCD1048A3B4ACE09BC98F8A33BF2
:10BB9000B6D9D83CA3C9C5BBC78458BD47CB01BCE7
:10BBA000F1D58EBC91F2933BDFFC06BC1230BA3B60
:10BBB00008CBD83C89EFC4BB881358BD42B200BC47
:10BBC0001A178EBCB2D9913BAE6106BC1AA6B63B21
:10BBD00028B8D83C5A48C0BB5B2558BD31B1F9BB29
:10BBE000AEBA8EBC5F268A3BBF7E08BC3F8BA53BAE
:10BBF000EFC8D83CC2DEC4BB180A58BD189900BCB7
:10BC0000850A8EBC24B8913BAE6106BCFE62B63B91
:10BC100028B8D83CBE50C0BBEB1B58BDF8C1F9BB1F
:10BC2000CEA78EBCC32E8A3BF86D08BCF8C5A53BD9
:10BC3000EFC8D83CFBCDC4BBA80058BDBB7B00BC43
:10BC4000D7FB8DBCCF85913B4B5906BC4628B63BF4
:10BC50000FB6D83C2159C0BB6F1158BD95B9F9BB7F
:10BC6000BC908EBCC32E8A3BCE5408BCE9EFA53BEA
:10BC7000D6C6D83C34BDC4BB38F757BD5F5E00BCE8
:10BC8000F7E88DBC7A53913BB64C06BCFFCBB53B75
:10BC90000FB6D83CE869C0BB0B0958BDF8C1F9BB69
:10BCA000C47B8EBCC32E8A3B723708BC1409A63BEA
:10BCB000DDB1D83CCBBDC0BBE3C457BDF8C1F9BBB7
:10BCC0008CF58DBC7B698A3B7A8B07BC59FCA63B03
:10BCD00073BED83C3526C4BBF7B057BD4243FFBB4B
:10BCE00086738DBCC4EA8F3BD3F805BC0470B33BAC
:10BCF000DDB1D83C2EC6C0BB98BE57BD5CCAF9BBEF
:10BD000010EB8DBCB4588A3BB37A07BC200DA73B1F
:10BD100073BED83C6E15C4BBACAA57BDB421FFBBE3
:10BD20003B6D8DBCFDD98F3B6FF005BCB03DB33B87
:10BD3000DDB1D83C92CEC0BB4EB857BDF8C1F9BBFF
:10BD40007ADE8DBC17618A3B1E6E07BCE71DA73BE0
:10BD50005ABCD83C0B0DC4BB6EA557BD8908FFBBB0
:10BD6000D8648DBC6FB88F3B0CE805BCBE13B33BE9
:10BD7000DDB1D83CF5D6C0BB10B357BD5CCAF9BB2A
:10BD8000E5D18DBC7B698A3B575D07BC1137A73B6A
:10BD90005ABCD83C44FCC3BB30A057BD5FEFFEBBD0
:10BDA00043588DBCA8A78F3B0CE805BC69E1B23BAA
:10BDB0005FEBC2BE65E193BEEAAF97BEEE3F32BD18
:10BDC0009A7BB0BE664FEA3E6D03973DB98A8DBE41
:10BDD0001B48BFBEF85092BE3E7594BEC4B42FBD82
:10BDE000A22464BE4E0AF3BCB8231CBC4BCBC83C97
:10BDF00060B07BBE6B2B36BE6F0D2CBEB399C3BC3F
:10BE0000842E213D62DAE7BE8656A7BD616F923E61
:10BE10007BF416BE336BC9BD28D6A9BD60AF30BC5C
:10BE20009CC4E03D209AA9BE193D77BD7880573E5D
:10BE30003332A8BD483657BDED461FBD9AB4A9BBE5
:10BE4000AE2CB13D56D410BEE030D1BC0DE1B83DB2
:10BE50007EAB35BD118C03BDA9A5B9BC93C492BB03
:10BE600052D75A3D236636BD1077F5BB6F2FE93C9C
:10BE70001496F8BCCAFACDBC19AE8EBCEC3191BB9D
:10BE8000AAD42C3D66868DBCC1551EBB7AFE343CBF
:10BE90001669E2BCBBEDC2BC0F2986BC986890BB9A
:10BEA000D34D223D12D81CBC73F38DBACDCCCC3B04
:10BEB00012A492BE3EAF683E632BC03E83FC7C3E24
:10BEC0007E1DA0BE3BA9CF3D0665D2BEC32EAA3EB5
:10BED000A9838CBEF019693E58E4BF3EC1FF763E8F
:10BEE000E8A04BBE8F1C693CDD981E3DF10F1BBDC9
:10BEF000840F35BED525133E9430633E91630B3ECF
:10BF0000B119203D5265B8BD1C79D83E9626ADBE0C
:10BF1000C05AD5BDECF7A43D213DE53DA48D833D40
:10BF2000AF5CCF3DF8A89FBDA6609D3ED57673BEA1
:10BF3000895F71BD5B5F243D0C03563D8B6CE73C14
:10BF4000E6CAA03D68B114BDD787053EC18FCABD02
:10BF500010CC11BD00378B3C8847E23C09547F3C34
:10BF60002A91443DC2A64EBC2C9F253D82CAF8BCF6
:10BF70009F1EDBBCFDD90F3CE4F8A13C84833D3C13
:10BF800038D81B3D3145B9BB4F5D793CD2553ABCE1
:10BF9000FCABC7BC28D2FD3BEFCB993C8FE1313CD9
:10BFA0003CC0133DF2D162BB8961073C1FDAC7BBBD
:10BFB000C79E7D3D55BDE43E44DC6CBEDE578DBE64
:10BFC000AD2FA2BED55BE3BD4CC1D23E4E648E3ECA
:10BFD000F2B2863D0ABADD3E630B71BECB488DBE20
:10BFE000E06952BE3C66A03B263960BDB000A6BBEE
:10BFF00026003F3D2559873E286512BE4CFF22BED4
:10C000003BFE0B3D499ECB3D8D7EDCBE74EA8ABE75
:10C01000E563F73CF2B6123E1F2E99BDE5B39CBD19
:10C020008351C93D09368E3D41479BBE460754BEEC
:10C03000BDAC893C9ED1963DFFB110BDCBF40BBD8C
:10C04000E3DE9C3DB03AF23CAE2C01BE9B38B9BD5C
:10C05000D976DA3B501A2A3D40BE84BCBCCD9BBC8D
:10C0600024973F3D28D6293C5EDB1BBD1002F2BC65
:10C07000CAFA4D3B0DA5F63C3A9421BCD9066EBCDC
:10C08000180A183D2C11A83B747A5EBC9C5349BC1D
:10C0900098184B3B22FEE13C73BB17BCEA5B66BCC5
:10C0A000770F103DF10E703B5308E4BBD5CBEFBBCF
:10C0B000EF1BA73EC84149BD91483BBEB612DA3ED0
:10C0C00045A0AABE187BC7BE302F00BE8E8FA6BE6D
:10C0D0003C4CA33E8E036FBD147932BE226CD83E19
:10C0E0007FF663BE2849573C6C21083D0B2A2A3D48
:10C0F0002A1E573EE1EE2CBDE10DC9BDB91A793EAD
:10C100007CD4DF3CBEC1BF3E7959133ECEC4AC3EA9
:10C110008847023E0AA3D9BC5C1D40BD4777F03D6D
:10C12000C93BC73D18078F3EE86CC13DA0FB723E7E
:10C13000D410953D1E5462BC4963B4BCB7D0553D84
:10C14000942E9D3D70ECF93DF6B3183D75B1C93D97
:10C1500089782B3D164B91BBA0176EBCA243E03CE7
:10C16000E8FA3E3D99D6263DA837233C6090F43C42
:10C17000C47CF93C22C2BFBA1AC146BCA418A03C78
:10C1800091D0163D9D81913CF0FC223B0E2D323C1E
:10C19000E789E73C9357E7BA93E439BCF12E973C23
:10C1A0007E8B0E3DC138383C6D8C1D3A72FDBB3B19
:10C1B0004EB5663E297581BE98319D3E4A7B9BBE39
:10C1C000F1F0C6BE192091BDE0852D3D2BD9B13CC3
:10C1D00065DE5A3E96E87CBEA52C9B3EEB8B9CBE52
:10C1E000E3A987BEC900D0BC31B525BCC899A6BC9F
:10C1F000DB8A0D3E8CD71CBE130C373E865938BEE9
:10C200008CBFED3C9D853D3DDAE646BD433C12BD0D
:10C21000357CAB3D5001B0BD895DBB3D6BD6B9BD32
:10C22000FE2BEB3D145B413D3C1706BD6C778FBC8C
:10C23000C7BC4E3DADA540BD5392353DD4F32EBD98
:10C24000B4CBB73D8B1ACC3CA1655DBCE6CAA0BBA4
:10C25000CB850A3D310BEDBCBDA9C83CE466B8BC3A
:10C260000EF4503D7FF5383C817687BB18B490388A
:10C270006269E03C88B8B9BC5281933CE50984BC52
:10C2800042981B3DA88DEA3BF792C6BA309FAC3A64
:10C29000C72ED13C083CB0BC9E068C3CC2F77EBC8D
:10C2A0001F9F103DC898BB3BE5D44EBA73B9C13A45
:10C2B000FF58083CC5530FBC7DE8823B43739DBBD0
:10C2C000143D303D7E01BD3ABD37063789CF9D39DB
:10C2D000596C133C1F671ABC2CD49A3B5DDDB1BB73
:10C2E00058E62D3D863DED3A4E2B05B9A48CB83964
:10C2F0006135163C33341EBC62DBA23B4AB6BABB86
:10C30000B30C313DE0102A3B17B751B9AAB61B3A1E
:10C310004242143C66A11DBC2BBEA13BE544BBBB05
:10C320007310343D96093F3B64CA87B93FC8323A1F
:10C3300074D1103CF1121CBCB0AD9F3B1DCBBBBBFC
:10C34000D105353D242B3F3B16A584B9193D373A1D
:10C3500005500C3C61AA19BC0C569C3B588CBABBCE
:10C360005D52353D66F93A3BB3EF8AB97CF2303A1B
:10C3700001C2073CDF1717BCDD45983B0795B8BBEA
:10C3800004E2353DA8C7363B2E5393B97F87223A46
:10C39000AE83033CECA614BC5803943B8F56B5BB4C
:10C3A0006956363D419A313BF9DB9EB99E5F143A9E
:10C3B000849B8C3B48DDCEBB145FED3A5DFD58BBE2
:10C3C0002F4E3C3D0473F43AEE93A3B8A69BC439B8
:10C3D000DFC4903B3D2CD4BBC344033BEBC465BBE3
:10C3E00094BF3B3DB58AFE3AFF08C3B82C47C83915
:10C3F000D0EE903B1041D5BBDB4C053B053667BB0F
:10C400008EAC3C3DD53F083B6AF72BB9F4C0C73929
:10C41000295C8F3B925ED4BBA801033B261D65BB04
:10C4200002633D3DB1860B3BE65A34B9EA78CC391C
:10C4300092088D3BCE88D2BB61C1FD3A2FFC60BB18
:10C4400017BB3D3D08220B3BB91C2FB9C991CE3912
:10C4500050508A3BFE45D0BB7651F43A1B2F5DBB52
:10C460002DE83D3D5EBD0A3B30621FB94F3DD239DC
:10C470008FE3873B1157CEBBDCD8EC3A77D759BB5B
:10C48000A3073E3D26370A3BE23C1CB92E56D43961
:10C4900085B1853B06BCCCBB2079E73A257758BBF4
:10C4A00076193E3D0AF4093B399B0EB9EC87D83921
:10C4B0009E08623B5551BCBB3271AB3AE25C43BB58
:10C4C0009B1F3F3DC9E8003B82A8FBB80951BE391C
:10C4D000F2D1623B7E01BDBBB91CAF3AFBCD44BB80
:10C4E000A7203F3D724D013B399B0EB92A38BC391C
:10C4F000486D623BA81ABDBBD28DB03ABF0C46BB9B
:10C5000042433F3DFD33033B2C4407B9368FC339CB
:10C5100082C5613B1AF9BCBB60AFB03ADB4F46BB8A
:10C5200021563F3D6F12033BEA750BB920F0C0392D
:10C53000842E613BC5C6BCBBB64AB03A308246BB0E
:10C5400015553F3D707B023B7B690AB962BEBC3921
:10C550008597603B467BBCBB473EAF3AF8FB45BB8B
:10C5600021563F3D38F5013B18B410B9DC12B939FA
:10C57000BFEF5F3BC72FBCBB4910AE3A15A845BB08
:10C58000535A3F3DFF05023BC98E0DB9DC12B93944
:10C5900033375F3B1DCBBBBB863AAC3AA69B44BB53
:10C5A000E8663F3D38F5013B87C011B96C06B839E4
:10C5B0009F05213C5DE2A8BD4E9D473D8DED253E8A
:10C5C0005B5D4E3DC6DD00BE465D6BBDD5B2453EF2
:10C5D0005C91983CF7B097BDEB353D3DD657373E63
:10C5E000C7BA38BD8CBE42BDC0266BBD0C04813CB1
:10C5F000FEB6A73D0D380BBDDDEA39BDC7B90D3E0E
:10C6000062F547BD7E371D3E0724113E93A867BEE5
:10C610001A33793EADF70B3E051A3CBEDC7ED9BD20
:10C62000FF1F273D787FDCBD98693BBE5D19F43D57
:10C630002880C2BDB6138D3E3B38683E6A33CE3C7F
:10C640008CD7BC3B2E031E3E2A8F3E3E4435153E02
:10C65000BED883BEFA97243C1A3587BE8E3C90BC68
:10C6600079C9FFBC73BB37BE882C123D5DC32CBE9D
:10C67000F04FA93B1BD4DEBD14E7A83D4DD82EBE1C
:10C680009C163CBEE1CE353EEC1340BE205ED73C4E
:10C690001F8480BBD6C4E2BDE5B69D3DDDEDFABD8D
:10C6A0005C92133EEB54F9BC8E226B3D852308BD92
:10C6B000E65A343C6841A8BD7F2F453DC153283E12
:10C6C00008582B3D529BF8BD94317EBDFD84433EFE
:10C6D0009A99993C40A394BDCB483D3DF0883A3EA1
:10C6E000302D6ABDEC3412BD19AA62BD645B86BCF4
:10C6F00053CED73DCDCDB7BC55F69DBD78B9E83DFD
:10C70000A227E5BC33FE2D3EAF422A3EC4CD49BE32
:10C71000F775603E46CE223EC6FB01BE45F2D5BD52
:10C72000C6892F3C07B51FBE86E64ABE986B513DB1
:10C730001AFCFDBD7502823E4792303EFA45093D26
:10C7400017EF473D7C7B473E8639013EE3543B3E35
:10C75000ADFA6CBE5BB1BFBB9BE271BEC63027BDFC
:10C760009DDAB9BD32743CBE978CE33D8F19C8BDCC
:10C770008109DC3B0682E0BDDD9AB43D16852DBE05
:10C780009D9D0CBE9DF6343E2BF657BE402FDCBC63
:10C7900093718CBB4C53E4BD24259D3D5C3EF2BDA2
:10C7A00097AC2A3E514A48BD7847A63D13EF00BDDD
:10C7B000AA29493C6153A7BD6990423DE4BD2A3E88
:10C7C00060B1063D5CE8EABD34F685BDAA283E3E70
:10C7D000022A9C3C844991BDD1583B3D3FE43D3EFB
:10C7E0004C1B8EBD39B5B3BC096F4FBDE4DA50BDEB
:10C7F0000397073EC02415BC4F06E7BDCB9CAE3D5A
:10C80000784485BB5280383E7EE4363EBE8816BEF4
:10C810009301403E191E3B3E16316CBD4227C4BDFC
:10C820003411B6BC9B3C45BEB30A3BBEADA7D6BCDB
:10C8300022351DBE2F19673E575ED23D28F2243D9A
:10C840003A3EBA3DBA9E583EB284353D698B3B3E76
:10C8500097C74ABE0E4FAFBC21E848BE572486BDDD
:10C86000113A18BE257A29BE34D7293E988837BC9C
:10C87000045ABA3B5D50DFBD2194B73D501A2ABE21
:10C88000707DB8BDBBB6273E965F56BE2F4F87BDA5
:10C890008DB795BBE2CBE4BD21AE9C3D2AE1E9BD5D
:10C8A00047593F3E6BD483BDD273CB3DC213FABC14
:10C8B00034A05E3C4F03A6BDFBE93F3DB1BF2C3E1B
:10C8C00071E7C23C05FCDABD618987BDDF6C333E90
:10C8D0003E3EA13C1E8B8DBDD174363D9F3B413EFB
:10C8E000A86DA3BD287CB6BB05892DBD92B3B0BD94
:10C8F0000EA2253EFEF2C93B7E741ABEDCB75A3D3D
:10C90000B0C8AF3CB280393E37AA333EDB6BA1BD25
:10C91000E0F5193EE4BB543E61199B3C2CB9AABD1D
:10C92000E7C45EBDE8BC56BED28B0ABE336ECABD3C
:10C93000111B3CBEC9CC453E334EC33C46B3323DD1
:10C940002B85003E0B264E3EEFAD48BD664C113E9A
:10C95000473D24BE4F2117BDB07218BE1A15B8BD91
:10C96000815A4CBEEA7701BEB6B9413E4F57973D5A
:10C97000A243603B679EDCBDEFE7B43D013525BEB9
:10C98000994A3FBD116E123E723241BE537BB1BD1A
:10C9900020D099BB4773E4BD3C859C3D3FE0E1BDA1
:10C9A0005DDD513E2B4C9FBD5089EB3D5796E8BC59
:10C9B000B9FD723CB29CA4BD8D433D3D4F922E3ECD
:10C9C000A6996E3C4CA6CABD719286BDE9D4253E9F
:10C9D00055A5AD3C622E89BDA8FC2B3DA2B8433EB7
:10C9E0002AA9B3BD0EF3653CC095ECBC8885FABDA1
:10C9F000CCEC433EA301BC3C416140BE1DE8A13CE0
:10CA000014083B3D207E2E3E57411C3E45F2953A90
:10CA1000378CE23D745F6E3E70EAC33DF3C689BD5C
:10CA20006808A7BDA05350BE2A5883BD04CA16BECD
:10CA3000EF375ABEB70D233E814368BDEE26383D21
:10CA4000D28F163EAF5A293E6CD007BEE31B8A3DFB
:10CA50008ECEF9BDF12B56BDEA3FCBBD705CE6BD75
:10CA6000556775BE205E97BDAF97363EA400113E58
:10CA7000D6A8873A5A2BDABD63B7AF3DE84B1FBE45
:10CA8000EB530EBC2787EF3DF3921FBEB681BBBDB3
:10CA9000952D92BB61A8E3BDA2989C3D50FFD9BDE6
:10CAA00065C8613EF60BB6BD4167023E3BFBCABCA2
:10CAB0000247823CE811A3BD268B3B3D2008303E57
:10CAC000C40AB73B3F1EBABDB26684BDB492163EDF
:10CAD0003013C53CD90884BD3CA4183DD579443EEB
:10CAE000BA31BDBDBF49133D8B381DBC732F20BE6D
:10CAF0003204603EE02F263DEF3C61BE488A48BCD0
:10CB0000F3E2843D8753163EA912E53D6760A43DDC
:10CB1000D7A3903D9E0B833EB570293EDBA24CBD52
:10CB20002637CABD111A31BE4BE9993CC3B625BEA2
:10CB300085B175BEDA1A013E29CD06BEE926313D22
:10CB40006D8C1D3E6EFBDE3D01DE42BE412AC5BC42
:10CB5000B5DEAFBDF6078ABD511252BDF03108BE39
:10CB6000DEE487BECB0E71BC53790B3E3B523D3E9B
:10CB70005DA365BAC51BD9BDBE4EAA3DC63619BE5A
:10CB800047FFCB3C2843B53D27DCEBBD0B47B0BD91
:10CB90000EDC81BB3A03E3BD9A449D3D84B8D2BD0F
:10CBA00013806F3E7BFAC8BD560E0D3EBB48A1BC3C
:10CBB00043E3893C0D70A1BDD0803A3D417F313EB9
:10CBC000B2D565BB63D3AABD71E782BDA435063E6D
:10CBD000F6B2ED3C56B77ABD7923F33C9FAA423EAC
:10CBE0001555BFBD0C5B733D8D60633CCD3E3FBEB4
:10CBF000683E773ED7A06F3DA7E878BEB95425BD03
:10CC000043AC9E3D8D08E63D1C416A3DBC41143E4F
:10CC10001B2A063DBBD08C3E8EAE623EA38FF9BC74
:10CC20007446D4BD282DFCBDC9E6CA3D698A10BE34
:10CC30004FCD85BE999AC43DA27E47BEB7EE263D34
:10CC4000077E143EA568253DE8DD58BE29ECE2BD0F
:10CC5000946A5FBD718FA5BD80600EBC8A3918BE15
:10CC6000749A8DBEB03D333DB6F2923DA4FB493E71
:10CC700051A310BB728BD9BD139DA53D473A13BE7E
:10CC8000645D5C3D9C32773D7A3495BD8AE897BD02
:10CC9000C8284FBB84D3E2BDD2369E3D89B1CCBDFE
:10CCA000B24A793E70B0D7BD397F133E357E61BC44
:10CCB00072F98F3C65719FBDCDAB3A3D58CA323E8B
:10CCC0009B3D50BC67659BBD098D80BDC363DF3D47
:10CCD0004F1E163D3F0069BDF0BF953C94F83C3EA9
:10CCE0008FFBB6BDEE22AC3D9B042F3DE9B559BE8E
:10CCF000BB97833E98A59D3D3FE081BEE9B684BDCC
:10CD0000ACFEA83D302A893D1DE30ABC7B4D3F3E69
:10CD1000677F20BB9F92933E802C843E419F48BCFE
:10CD20004695C1BD016D6BBD6D1D2C3E9225B3BDF9
:10CD3000B70B8DBE37C68E3DAC8F77BE60920A3D75
:10CD4000FAB5F53DE42E02BD7F6B47BE6DAB39BE33
:10CD5000DA53F2BC645DBCBD075CD73CB03D23BE7A
:10CD6000016D8BBEAD86C43D71AD76BB28D3383E18
:10CD7000116D47BBD32DDBBD8D5DA23D685B0DBE44
:10CD8000B5F99F3D0D350A3DEE4108BDAD6B74BD53
:10CD90000B9A16BB5951E3BDAC369F3D7E35C7BDDE
:10CDA000CA36803EC40BE2BD876E163E18EC06BC48
:10CDB000E998D3BDD34DE23C3411B6BCCBF827BEC5
:10CDC0001F8440BDB5FC40BD64EA5EBECA6E56BE5F
:10CDD0009BE6FDBDD3A3A93C19579C3D164DE7BD6D
:10CDE00000C994BD0F7DF73C1FD9BC3D8736A03DDF
:10CDF000E658BEBD60C7DFBD68D0903D05142A3D32
:10CE0000E6E61B3ED1B0183D47C8403D77D6CEBDC3
:10CE1000A4FA0EBDAA27B3BDCD1DFDBD88BAAF3D96
:10CE2000221992BDA93307BE26A821BDEBA9553C06
:10CE3000FFCBB53A8B50EC3D9D100ABECE6CD73C73
:10CE4000FDA45ABCC310293E6C084E3DF29520BE8D
:10CE5000D3A3293D8044233E5A12A03D419F483D23
:10CE60001360B83D460B00BE389F7ABDE44C433E8C
:10CE7000C154D33D02D715BD92B3003EE980643D55
:10CE80001F810FBEFC8E813DC4CDA93C7D2530BEE7
:10CE9000BB430A3E280FABBDFC71FBBCAC56E6BDE4
:10CEA000675F793D04CB913C304A50BD2C44E73D4F
:10CEB000F4A301BE76FC173DBFBAAABC1C2339BE41
:10CEC000F62385BD3DEE5BBD81EB6ABEF56343BED7
:10CED000D48217BE8753663C1442C73DA378D5BDA4
:10CEE00075CC79BDDF32673D4887073E3BE2003EA7
:10CEF0002369D7BD97900FBEA019843D78EFA83D58
:10CF000019033B3EB743433C5457BE3C69AC0DBE8E
:10CF10002AA913BDEAEAAEBD05532DBE8A1CE23D27
:10CF20006BB9F3BDED45F4BD764F9EBC8C49BF3D5A
:10CF3000E690D43BB589233E9A2511BE3203153DB8
:10CF4000344B423D828C403E49D5F63C27122CBEE4
:10CF5000B77C643D56F5323E821EEA3D4F06A73D42
:10CF600027663D3DEDBA27BEBD1DE1BC2906383E12
:10CF7000B076043E7AA782BDDD96083E71576F3DBC
:10CF8000143E0BBE7FDBF33D0CC909BD931AFABDFD
:10CF9000399A233ECA31B9BD807F4ABD67D70DBEDD
:10CFA000D2369E3D7A8B87BC48DDCEBB6230DF3DFA
:10CFB000079819BE84F53F3D333589BC4D6A48BE9C
:10CFC0004AB5AFBD1C256FBD454968BEF0A21FBE66
:10CFD000B08F2EBE2B18153B17F3F33DBC77B4BDB5
:10CFE00078D418BD321FB03DFF41343EFC6E2A3E5E
:10CFF000583BEABDA25E30BEA2414A3D793E033EA7
:10D0000011C64F3E5649E4BCD97830BC27D82FBE54
:10D01000FB950EBDA01598BD927A5FBE6CD0073E01
:10D02000D7132DBE399BAEBD910B4E3C9D83273E41
:10D03000E7AB643CBAF3543EE4830EBE71913B3DD2
:10D04000C6C3FB3D4E5E443EC61682BB255917BE85
:10D05000F60B963D1B84393EC5E41D3ECC60EC3D8D
:10D060006B9F8EBCED9C46BEB263A33CE0D8033EF2
:10D070007A53213E5918C2BD50FC083EBDE3543DD1
:10D080001EFDEFBD1A88353E8D28CDBD55C03DBD76
:10D09000481A3C3E1EA9BEBD105A8FBDC5572BBEB7
:10D0A0003FE5B83D10E977BD7765573D802AAE3D35
:10D0B0009EB52BBE2E1E5E3D98301ABC5FB552BE8B
:10D0C0002BF6D7BDAC376ABD2AA953BE30D8CDBD2B
:10D0D00070973DBEE4A16FBC7A510B3E927984BD3E
:10D0E000B9DFA13AC03FE53DAEB8583E446B353E8E
:10D0F0000459EFBD03B247BE99B9C03CAB5F293EAE
:10D100008E01493EBA12A1BDD00C62BD97002CBE63
:10D11000EBAA00BD7C444CBD2FC482BEE1B7113EDA
:10D12000946A4FBE67B5C0BCDD07603D0395313ED4
:10D13000E676AF3CF0FA7C3E3CF9F4BD2233573D35
:10D14000A16A443EF81A223E290648BDF23F99BD25
:10D1500027DAB53DCC7E2D3E6C923F3E43910E3E8C
:10D16000F966BBBDB1C047BE828C803D7FDED43C3A
:10D17000FC8D363E7940F9BDC174FA3D111A013D6E
:10D18000AEF5A5BD1BD45E3E1BDA20BE1CCF273DED
:10D190001C23493EDF36B3BDB9C1B0BD76FD42BEEA
:10D1A0004CE1C13DCA6DDBBD0F7FED3D8271F03CAE
:10D1B0008FE337BEB309703DCDACA53850FC58BEE7
:10D1C000F7E6F7BDE5D44EBD62F331BE3B8908BD3D
:10D1D000D10545BE6F460DBDB326163E854119BD2E
:10D1E000289A473D1F4A043E1D3D6E3EB398183EA7
:10D1F000514DE9BD425A53BE838513BC64E6423E9D
:10D20000C0B4283E25CC04BECE18C6BD1D76FFBDD9
:10D21000DAE5DBBCBE848ABC93C58DBE2D3F103ED3
:10D220000AA058BE6E30543D8736C03D8AE6013EA6
:10D2300099D3E53CB9C28B3EE00EB4BDB7D56C3D89
:10D24000E82F743E75AEC83D8E04BABD420A9E3CBE
:10D25000CF13CF3D473A133E484E563E747E1A3E9A
:10D260007E5423BECF862CBE55A3B73DFA5EA3BD28
:10D270000DFA423E65E010BEE754D23D29922F3BA5
:10D28000008D12BD191D703E080244BEF48BF23DA4
:10D290002D0A4B3E0F5E9BBDA4FFC5BDE41051BEE1
:10D2A000E813B93D761718BE9F05313E948319BD2A
:10D2B000427834BEB7416D3D726D283C089051BE36
:10D2C0006155FDBD355F25BD552FFFBD726A273DF8
:10D2D000DE3E3BBE3B3858BD28D1123E37A712BCBC
:10D2E000BFB6BE3DAF07033E44DE623E7F2E9A3D91
:10D2F000FDA0CEBDB1174ABE567D2EBDDF18423E01
:10D3000063EEDA3DC63328BE4D82F7BD46EEE9BC7A
:10D31000B35DA1BCB30A9B3CE78F89BE1E89F73D74
:10D32000209738BE37FAF83D29EAEC3DFEBAD33CE7
:10D330002B6C063DF8C48A3E31953EBDEFC76D3D6E
:10D34000A852733EA7069A3CB9C5DCBDEBABCB3DFA
:10D350008E95D83DB24BD43D9692553E4A9A0F3E9B
:10D3600010764ABE0C79E4BDBA2FA73D9AB419BE17
:10D37000982F3F3E374F15BE4C52993DF392FFBC5C
:10D380000A4C273CBDE2593EEE403DBEDB331B3E1E
:10D39000F9BA3C3ECC086FBD8065C5BDA1864FBEC5
:10D3A000793A973DEAEA2EBEA626513EA94BC6BD64
:10D3B000539526BECC7B5C3D349D9D3C54903FBE36
:10D3C00036CCF0BD4087F9BC5A6390BDC361C93DFE
:10D3D000C3EF26BEBA9E88BD13D3053EF889833CB1
:10D3E0002FC3FF3DABCBE93D0A4A413E9D491BBCE3
:10D3F00020B5A9BDAC1D35BE593392BD8C6A313EF6
:10D40000800E333DE38B36BE157300BEA2B5A23D40
:10D410004E7C35BC73844C3D1F4979BE419EBD3D59
:10D42000EC1601BEFD822D3EB3B4F33D0DFB9DBD58
:10D430007D78163D88BD803ECF81E5BB1328623DD7
:10D44000F0C0503EB97060BDCA4FCABD1D010C3E50
:10D4500070E9D83D14E97E3DAA7E453E1404EF3DB7
:10D46000014D54BEDE3A3FBD9C344D3DF46F37BE96
:10D47000622C333EE0D90EBE855B3E3D7F1580BDFC
:10D48000950C403DE9452D3E8A051EBEE274123ED4
:10D49000D575283E6AA425BD5E30B8BDA94E47BEED
:10D4A0004B585B3D530834BE0BCF5B3EAE4711BEBD
:10D4B00074290EBE74413D3DAD4ECE3C5BCE25BEC3
:10D4C0006132D5BDEF92B8BCE5D0A2BC8596F53DE2
:10D4D0000D1709BEAE1096BDB5C3DF3DE52B013D6E
:10D4E0009C4F0D3EFE65B73D4DC00F3ED6FDC3BD02
:10D4F00028F47ABD60AE15BEF81CB8BDD5B3103E99
:10D50000F81656BCDCF32CBEB9C5DCBD7C9D243EB0
:10D510000EBBEFBA494C903DADA24FBE3F56703D99
:10D520002E8F75BDFE2B3B3E7A50D03D0EF315BEBF
:10D53000DB32203D0CEA5B3E9BE4C73C9412423D4B
:10D540003179133EE946D8BD969586BDB972D63D70
:10D550005FD1CD3DE4DAD03C791F273E21E5A73DE0
:10D5600088813EBE334F2E3C38F5813B035D1BBEA8
:10D570004DBD1E3E446DFBBD6A6CAF3CF5F1B0BDC8
:10D580002F8B893D7EFFE63D2652DABDFB91C23DE1
:10D59000AEF00E3E6117C5BCF9119FBDBF6338BE2A
:10D5A000BE15093D51C026BE8BA74E3E541926BE5E
:10D5B000435545414141414345454549494941411B
:10D5C0004592924F4F4F5555594F554F9C4F9E9FE7
:10D5D00041494F55A5A5A6A7A8A9AAABACADAEAF2A
:10D5E000B0B1B2B3B4414141B8B9BABBBCBDBEBF22
:10D5F000C0C1C2C3C4C54141C8C9CACBCCCDCECFBE
:10D60000D1D145454549494949D9DADBDCDD49DF16
:10D610004FE14F4F4F4FE6E8E85555555959EEEF5A
:10D62000F0F1F2F3F4F5F6F7F8F9FAFBFCFDFEFF82
:10D6300001030507090E10121416181C1E00010024
:10D640000400100040000001000200000100020080
:10D6500004000800100020000000C700FC00E900E2
:10D66000E200E400E000E500E700EA00EB00E8008B
:10D67000EF00EE00EC00C400C500C900E600C600E3
:10D68000F400F600F200FB00F900FF00D600DC0019
:10D69000F800A300D800D7009201E100ED00F300EC
:10D6A000FA00F100D100AA00BA00BF00AE00AC0041
:10D6B000BD00BC00A100AB00BB00912592259325C5
:10D6C00002252425C100C200C000A9006325512500
:10D6D00057255D25A200A5001025142534252C25ED
:10D6E0001C2500253C25E300C3005A255425692547
:10D6F0006625602550256C25A400F000D000CA00E6
:10D70000CB00C8003101CD00CE00CF0018250C257C
:10D7100088258425A600CC008025D300DF00D40016
:10D72000D200F500D500B500FE00DE00DA00DB0017
:10D73000D900FD00DD00AF00B400AD00B10017203E
:10D74000BE00B600A700F700B800B000A800B70000
:10D75000B900B300B200A025A00061001A03E000E8
:10D760001703F8000703FF000100780100013001F2
:10D7700032010601390110014A012E017901060129
:10D7800080014D00430281018201820184018401F4
:10D7900086018701870189018A018B018B018D0137
:10D7A0008E018F0190019101910193019401F60185
:10D7B00096019701980198013D029B019C019D01F2
:10D7C00020029F01A001A001A201A201A401A401C5
:10D7D000A601A701A701A901AA01AB01AC01AC01F7
:10D7E000AE01AF01AF01B101B201B301B301B501A7
:10D7F000B501B701B801B801BA01BB01BC01BC0158
:10D80000BE01F701C001C101C201C301C401C501CC
:10D81000C401C701C801C701CA01CB01CA01CD01BA
:10D820001001DD0101008E01DE011201F301030090
:10D83000F101F401F401F8012801220212013A0277
:10D840000900652C3B023B023D02662C3F02400270
:10D850004102410246020A01530240008101860151
:10D86000550289018A0158028F015A0290015C0217
:10D870005D025E025F029301610262029401640232
:10D88000650266026702970196016A02622C6C02C9
:10D890006D026E029C01700271029D01730274029E
:10D8A0009F0176027702780279027A027B027C027B
:10D8B000642C7E027F02A60181028202A9018402F9
:10D8C000850286028702AE014402B101B20145021F
:10D8D0008D028E028F0290029102B7017B0303003A
:10D8E000FD03FE03FF03AC030400860388038903E2
:10D8F0008A03B1031103C2030200A303A303C403F9
:10D900000803CC0303008C038E038F03D803180194
:10D91000F2030A00F903F303F403F503F603F70334
:10D92000F703F903FA03FA03300420035004100745
:10D93000600422018A043601C1040E01CF040100F3
:10D94000C004D00444016105260400007D1D0100CF
:10D95000632C001E9601A01E5A01001F0806101F0E
:10D960000606201F0806301F0806401F0606511F26
:10D970000700591F521F5B1F541F5D1F561F5F1F5B
:10D98000601F0806701F0E00BA1FBB1FC81FC91FEB
:10D99000CA1FCB1FDA1FDB1FF81FF91FEA1FEB1F7F
:10D9A000FA1FFB1F801F0806901F0806A01F08060D
:10D9B000B01F0400B81FB91FB21FBC1FCC1F01004D
:10D9C000C31FD01F0206E01F0206E51F0100EC1F67
:10D9D000F21F0100FC1F4E210100322170211002B4
:10D9E000842101008321D0241A05302C2F04602CBF
:10D9F0000201672C0601752C0201802C6401002DA8
:10DA0000260841FF1A030000000000006E83F9A2FF
:10DA10002915444ED15727FCC0DD34F5999562DBBA
:10DA20004190433CAB6351FEDDDDDDDDDCBBBBDDA6
:10DA3000DDDDDDDDDDDDDDDD9888888888888888AE
:10DA400077777777778888888555555666666666CE
:10DA500066666666666888888333333222222222AD
:10DA6000222222222228888DE9AA8CE8AF81E68B27
:10DA7000A6E688AAEFBC9AE699AEE9809AE794A850
:10DA8000E688B728257329E5B09DE8AF95E8BF9BE8
:10DA9000E585A5E7AEA1E79086E7958CE99DA220F4
:10DAA0002D3E20706167652064656661756C740D3C
:10DAB0000A0000003E3E20E58AA8E68081E5AE89A6
:10DAC000E585A8E7AD96E795A5EFBC9AE5B7B2E581
:10DAD0008AA0E8BDBD205B25735D20E4B893E5B165
:10DAE0009EE887AAE98082E5BA94E997A8E9999027
:10DAF000202D3E20252E31660D0A00002CDB00086B
:10DB0000000000207C00000058850008A8DB000809
:10DB10007C0000204C1F000068850008A8DB00087E
:10DB200000000024503E0600688500080100000047
:10DB300010000000000000000090D0030090D0030F
:10DB400000000000000000000000000001000000D4
:10DB500000000000010000000000000000000000C4
:10DB600000000000000000000000000000000000B5
:10DB7000000000000000000000000000A97F000875
:10DB8000B57F0008B17F0008B97F0008AD7F0008AD
:10DB90000000000000000000000000000000000085
:08DBA00000000000000000007D
:040000050800029954
:00000001FF
